Plot,AGC,Age,AverageDBH,Density,DBH_CV,Shannon,PD,MAT,MAP,Altitude,SoilThickness,HumusLayerThickness,LitterThickness,pd_Broadleaf,shan_Broadleaf,FDis,FDisB,RegionName,AGC_raw,Age_raw,AgeGroup
12,3.019844718,2.944438979,4.744932128,6.994849986,3.757707745,0.451470446,6.115611269,2.790346982,7.221774925,6.49375384,3.931825633,1.609437912,1.386294361,0,0,0.410592143,0,Changde,19.48811,18,2
26,2.441789489,3.044522438,4.644390899,7.098375639,3.547365428,0.113739315,5.787050836,2.691356297,7.259033999,6.11146734,4.110873864,1.098612289,1.098612289,0,0,0,0,Changde,10.49359,20,2
38,2.209216826,3.258096538,4.406719247,7.273092596,3.33840702,0.0009995,5.787050836,2.805714577,7.208970366,6.018593214,3.931825633,0.693147181,1.098612289,0,0,0,0,Changde,8.10858,25,3
50,2.333741647,3.135494216,4.584967479,6.799055862,3.504116419,0.0009995,5.787050836,2.805714577,7.208970366,6.018593214,3.931825633,0.693147181,1.098612289,0,0,0,0,Changde,9.31647,22,3
102,2.24201097,2.772588722,4.418840608,7.242082359,3.339664827,0.129228398,6.115611269,2.817535797,7.198731879,5.327876169,4.262679877,0.693147181,1.098612289,0,0,0.164610996,0,Changde,8.41224,15,2
129,3.168951698,3.36729583,4.624972813,7.559559496,3.537781527,0.199752092,6.220211172,2.894898718,7.146982173,6.089044875,3.931825633,1.386294361,0.693147181,0,0,0.208601436,0,Changde,22.78254,28,4
144,1.17447705,1.609437912,4.369447852,5.703782475,4.038408225,0.319740176,5.787050836,2.575957012,7.324061397,7.155396302,3.583518938,1.791759469,1.386294361,0,0,0,0,Zhangjiajie,2.23645,4,1
162,3.103716793,2.833213344,4.624972813,7.781973234,3.24219657,0.036505492,6.478663332,2.894007363,7.142866871,5.225746674,4.189654742,2.397895273,1.791759469,135.912187,0.001,0,0,Changde,21.28061,16,2
185,3.503355274,3.258096538,4.605170186,7.273092596,3.382525475,0.642622012,6.844909809,2.78360408,7.243596388,6.255750042,3.931825633,1.098612289,0.693147181,135.912186,0.001,1.208982316,0,Changde,32.22675,25,3
242,3.395889654,2.63905733,4.736198448,7.645397699,3.423292803,0.0009995,5.787050836,2.914220654,7.202251544,4.189654742,4.110873864,1.098612289,1.386294361,0,0,0,0,Yueyang,28.84119,13,2
247,1.228022283,2.397895273,4.430816799,6.230481448,3.161988386,0.0009995,5.787050836,2.68235215,7.310650434,7.142036575,3.583518938,1.098612289,0.693147181,0,0,0,0,Xiangxi,2.41447,10,1
280,1.569271953,2.197224577,4.219507705,7.347943823,3.080453405,0.0009995,5.787050836,2.91216967,7.159058651,4.110873864,3.931825633,1.098612289,0.693147181,0,0,0,0,Yueyang,3.80315,8,1
332,0.799613085,1.386294361,3.433987204,6.499787041,2.483434734,0.639255777,6.656627303,2.913617796,7.229911225,5.645446898,3.931825633,1.098612289,1.098612289,135.912187,0.001,0.494305805,0,Yueyang,1.22468,3,1
350,2.799642569,2.890371758,4.477336814,6.646390515,3.429206116,0.069134195,5.787050836,2.891112039,7.219727468,7.003974137,3.713572067,1.791759469,1.791759469,0,0,0,0,Zhangjiajie,15.43877,17,2
432,2.554293555,2.197224577,4.553876892,7.33823815,3.746113629,0.144169606,6.650932328,2.916298297,7.223478012,5.153291594,4.110873864,1.098612289,1.386294361,258.317278,0.636514168,0.157409092,0,Yueyang,11.86221,8,1
433,2.815636238,2.564949357,4.753590191,6.453624999,3.709764584,0.457032365,7.056153155,2.891327967,7.249641391,5.043425117,3.931825633,1.098612289,1.098612289,517.9637,1.33217904,0.541929227,1.818417805,Yueyang,15.7038,12,2
495,2.268667334,2.833213344,4.59511985,6.765038977,3.369612799,0.213586023,6.115611269,2.878511705,7.27044047,6.552507887,3.713572067,0.693147181,1.098612289,0,0,0.329501094,0,Zhangjiajie,8.66651,16,2
503,1.029126439,2.397895273,4.262679877,6.274762021,3.000845678,0.124595335,6.115611269,2.820187701,7.272386865,6.274762021,3.713572067,1.791759469,1.791759469,0,0,0.156786732,0,Zhangjiajie,1.79862,10,1
549,4.104247367,3.401197382,4.634728988,7.901747519,3.81681588,0.456139211,6.943354143,2.820551759,7.292518644,6.728628613,4.394449155,1.791759469,1.098612289,258.317279,0.223718076,0.202693061,0,Zhangjiajie,59.59712,29,4
640,1.486578514,1.791759469,4.143134726,6.701960366,2.925108072,0.273692168,6.656627303,2.919720722,7.231974142,4.672828834,3.713572067,0.693147181,1.098612289,135.912186,0.001,0.373250668,0,Yueyang,3.42194,5,1
652,0.839794063,1.609437912,4.454347296,5.480638923,3.2533928,0.210090733,5.787050836,2.822172024,7.295033796,6.255750042,3.583518938,1.386294361,1.098612289,0,0,0,0,Zhangjiajie,1.31589,4,1
663,1.974376816,3.044522438,4.663439094,5.924255797,3.627453949,0.328123194,6.478663332,2.784668591,7.278686477,6.552507887,4.025351691,1.791759469,1.791759469,135.912186,0.001,0.413369831,0,Zhangjiajie,6.20213,20,2
706,1.696121903,1.791759469,4.248495242,7.085901464,3.079650538,0.47745083,6.478663332,2.806721997,7.29827594,6.552507887,3.931825633,1.791759469,1.386294361,0,0,0,0,Zhangjiajie,4.45276,5,1
716,1.118140368,1.791759469,4.143134726,6.738152495,3.167866701,0.096454979,5.787050836,2.881629769,7.229488427,5.081404365,4.262679877,1.098612289,1.098612289,0,0,0,0,Zhangjiajie,2.05916,5,1
757,1.68003057,2.197224577,4.418840608,6.216606101,3.136895842,0.0009995,5.787050836,2.842030826,7.295610676,6.364750757,4.262679877,1.386294361,1.098612289,0,0,0,0,Xiangxi,4.36572,8,1
809,1.420628153,1.791759469,4.779123493,5.82008293,3.32048431,0.0009995,5.787050836,2.847296648,7.293006387,6.246106765,4.262679877,1.386294361,0.693147181,0,0,0,0,Xiangxi,3.13972,5,1
813,2.357224782,2.079441542,4.356708827,7.612336837,3.332578369,0.157909322,6.115611269,2.856470206,7.28448939,6.23636959,3.828641396,1.791759469,1.098612289,0,0,0.215868566,0,Zhangjiajie,9.5616,7,1
873,2.688471789,2.890371758,4.770684624,7.091742115,3.607207253,0.44775163,6.478663332,2.837354757,7.273959673,6.329720906,4.262679877,1.791759469,1.791759469,135.912186,0.001,0.087437408,0,Zhangjiajie,13.70918,17,2
926,3.475075589,3.135494216,4.663439094,7.879669915,3.613608075,0.407483071,6.968119726,2.797619692,7.304123556,6.018593214,4.262679877,1.791759469,1.791759469,135.912186,0.001,0.264018272,0,Zhangjiajie,31.30027,22,3
968,1.711320989,2.564949357,4.532599493,6.274762021,3.360303162,0.217262291,6.656627303,2.871490739,7.275576151,6.17586727,4.394449155,1.791759469,1.791759469,135.912186,0.001,0.261080618,0,Xiangxi,4.53627,12,2
1015,2.322737659,2.944438979,4.709530201,6.001414878,3.637058126,0.558140414,6.683763118,2.892991656,7.274075201,5.525452939,4.262679877,0.693147181,1.386294361,176.143593,0.673011667,0.724770401,1.444982333,Yueyang,9.20357,18,2
1024,1.839418836,2.48490665,4.442651256,6.72982407,3.310139647,0.512596056,6.91201102,2.871490739,7.275576151,6.216606101,4.110873864,1.791759469,1.098612289,135.912187,0.001,0.098044127,0,Xiangxi,5.29288,11,2
1038,1.433869502,2.302585093,4.49980967,6.274762021,3.584317231,0.133227596,6.478663332,2.832657896,7.27520698,5.638354669,4.189654742,1.098612289,1.386294361,0,0,0,0,Changde,3.1949,9,1
1129,3.108044371,2.944438979,4.59511985,7.333676396,3.428773313,0.035096837,6.115611269,2.887156595,7.307693998,5.525452939,4.394449155,2.397895273,1.386294361,0,0,0.031746249,0,Yueyang,21.37724,18,2
1185,2.966054719,3.258096538,4.624972813,7.309212366,3.137991096,0.080011938,6.668243801,2.887156595,7.307693998,5.564520407,4.189654742,1.098612289,1.386294361,135.912186,0.001,0.055058346,0,Yueyang,18.41517,25,3
1211,3.112594441,2.708050201,4.753590191,7.146772179,3.69199036,0.793395149,6.833087108,2.845458652,7.274502656,6.133398043,4.262679877,2.079441542,1.386294361,271.824372,0.598269589,0.548922754,1.079538582,Changde,21.47929,14,2
1241,2.566326102,2.48490665,4.382026635,7.225481473,3.222838762,0.610167665,6.699827663,2.893853467,7.292030832,5.860786223,3.713572067,1.098612289,1.386294361,271.824372,0.562335145,0.203911919,0.976622035,Yueyang,12.01791,11,2
1250,0.912860857,2.397895273,4.718498871,5.010635294,3.619969793,0.281472835,5.787050836,2.833213344,7.294852696,5.860786223,3.433987204,1.791759469,0.693147181,0,0,0,0,Xiangxi,1.49144,10,1
1259,3.488489747,2.890371758,4.859812404,6.595780514,3.66007815,0.141508243,5.787050836,2.840247371,7.31089542,6.794586581,3.931825633,1.791759469,1.098612289,0,0,0,0,Xiangxi,31.73647,17,2
1303,2.510092637,3.044522438,4.477336814,7.474204806,3.316798952,0.0009995,5.787050836,2.736853378,7.417770565,5.673323267,4.394449155,2.397895273,1.386294361,0,0,0,0,Yueyang,11.30607,20,2
1326,2.671554944,2.63905733,4.454347296,6.626717749,3.695922096,0.617604333,6.81765003,2.864705741,7.268118399,5.802118375,4.025351691,1.098612289,1.098612289,135.912187,0.001,0.315674956,0,Huaihua,13.46244,13,2
1362,2.73997578,2.833213344,4.753590191,6.616065185,3.416948676,0.180294504,6.115611269,2.890495084,7.330154001,6.469250317,4.262679877,2.397895273,1.098612289,0,0,0.148325645,0,Yueyang,14.48661,16,2
1367,2.655784504,2.564949357,4.477336814,7.313886832,3.532841536,0.232024003,6.656627303,2.868151711,7.261470834,6.311734809,4.110873864,1.791759469,1.791759469,0,0,0.043935436,0,Xiangxi,13.23615,12,2
1375,2.075831283,2.772588722,4.718498871,6.522092798,3.643792911,0.795171136,6.805498619,2.882097061,7.27631434,5.831882477,3.713572067,1.098612289,1.098612289,135.912186,0.001,0.271161756,0,Xiangxi,6.97117,15,2
1412,3.408079644,3.36729583,4.634728988,6.994849986,3.479605215,0.119674579,6.656627303,2.930867833,7.260862161,4.262679877,4.394449155,0.693147181,1.098612289,0,0,0,0,Yueyang,29.20718,28,4
1423,2.42420166,2.772588722,4.762173935,6.186208624,3.338516689,0.360084126,6.656627303,2.8501283,7.368486855,6.089044875,4.262679877,1.098612289,1.386294361,135.912186,0.001,0.469591622,0,Yueyang,10.29321,15,2
1459,3.093717962,2.397895273,4.890349128,7.028201432,3.552642691,0.217262291,6.656627303,2.925190703,7.220337223,3.713572067,4.510859507,1.098612289,2.564949357,0,0,0.144428285,0,Changde,21.05894,10,1
1472,3.416406797,2.833213344,4.795790546,6.80682936,3.628524437,0.766662477,6.831029903,2.930867833,7.260862161,3.931825633,4.454347296,1.098612289,0.693147181,176.143593,0.410116318,1.608106707,0.737235884,Yueyang,29.45977,16,2
1479,1.369588085,1.791759469,4.262679877,6.107022888,3.435635845,0.0009995,5.787050836,2.829251388,7.36224335,5.564520407,3.713572067,1.098612289,0.693147181,0,0,0,0,Yueyang,2.93373,5,1
1542,3.298084339,3.433987204,4.812184355,7.376508126,3.322366994,0.433735054,6.831029903,2.821841874,7.390150533,5.484796933,3.828641396,1.098612289,1.098612289,176.143593,0.562335145,0.285112395,1.128892448,Yueyang,26.06075,30,4
1603,1.747314601,2.772588722,4.634728988,6.720220155,3.231275431,0.0009995,5.787050836,2.829349418,7.268176542,6.59441346,3.583518938,1.386294361,1.791759469,0,0,0,0,Xiangxi,4.73917,15,2
1605,0.641532782,2.197224577,4.262679877,6.442540166,3.038300742,0.0009995,5.787050836,2.876980269,7.269686371,5.81711116,3.931825633,1.791759469,1.791759469,0,0,0,0,Xiangxi,0.89939,8,1
1617,3.036914523,2.995732274,4.574710979,7.395107547,3.804160028,0.448147771,6.831029903,2.87403515,7.292393927,5.993961427,4.110873864,1.098612289,0.693147181,148.221341,0.500402424,0.395487866,0.929999042,Huaihua,19.84084,19,2
1620,2.145288971,2.944438979,4.795790546,6.315358002,3.571101606,0.296096571,6.650932328,2.871050748,7.277420483,5.739792912,3.828641396,0.693147181,0.693147181,135.912187,0.001,0,0,Huaihua,7.54451,18,2
1651,2.189038944,2.772588722,4.33073334,6.186208624,2.920379219,0.228982472,6.478663332,2.898701414,7.287674608,5.017279837,4.110873864,1.386294361,1.098612289,135.912187,0.001,0,0,Yueyang,7.92663,15,2
1658,1.342961404,2.397895273,4.543294782,4.510859507,3.260986589,0.0009995,5.787050836,2.921607147,7.302956796,5.505331536,3.931825633,1.098612289,0.693147181,0,0,0,0,Yueyang,2.83037,10,1
1668,2.663925537,3.33220451,4.672828834,6.543911846,3.483171454,0.127328444,6.115611269,2.838623389,7.298760803,6.66057515,3.931825633,2.48490665,1.609437912,0,0,0.161389509,0,Xiangxi,13.35252,27,4
1671,4.026125677,3.583518938,5.424950017,6.738152495,3.24523534,0.162399422,6.478663332,2.832232275,7.296808696,6.746412129,4.110873864,1.945910149,1.945910149,0,0,0,0,Xiangxi,55.04336,35,4
1687,2.688794664,2.772588722,4.727387819,6.72982407,3.555451485,0.362780268,6.812804109,2.909750548,7.245155692,5.081404365,3.931825633,1.386294361,1.791759469,271.824373,0.693147181,0.153525215,0,Changde,13.71393,15,2
1712,3.125968995,2.944438979,4.615120517,6.302618976,3.715847281,0.799604095,6.956770742,2.885173269,7.31378688,4.94875989,4.110873864,1.098612289,0.693147181,382.97238,0.848685558,1.328560428,1.397624567,Yueyang,21.78196,18,2
1713,3.181887722,3.044522438,4.795790546,7.555381944,3.640831415,0.437383584,6.656627303,2.885173269,7.31378688,5.303304908,4.110873864,1.098612289,0.693147181,0,0,0.152438979,0,Yueyang,23.09219,20,2
1727,1.337972962,2.63905733,4.990432587,4.65396035,3.400088434,0.0009995,5.787050836,2.841706586,7.283104763,6.746412129,3.713572067,1.386294361,1.609437912,0,0,0,0,Xiangxi,2.81131,13,2
1729,2.841715335,3.295836866,4.927253685,6.711740395,3.912062405,0.775501062,6.668243801,2.807560638,7.314097769,6.042632834,3.713572067,2.397895273,1.609437912,135.912186,0.001,1.251599907,0,Xiangxi,16.14515,26,4
1753,2.56882798,3.044522438,4.369447852,6.930494766,3.617140405,0.403436385,6.478663332,2.912682675,7.240303111,4.795790546,4.110873864,1.098612289,1.098612289,135.912187,0.001,0,0,Yiyang,12.05052,20,2
1785,1.695624783,2.833213344,4.605170186,6.302618976,3.387880775,0.377161651,5.929553611,2.841706586,7.283104763,6.601230119,4.110873864,1.791759469,1.386294361,0,0,1.192601237,0,Xiangxi,4.45005,16,2
1814,2.542864975,2.63905733,4.691347882,6.966967139,3.825624895,0.547861259,6.936945635,2.909387583,7.24801793,4.110873864,4.262679877,1.386294361,1.609437912,387.609937,1.090059659,0.516546717,1.302162713,Yiyang,11.71605,13,2
1831,1.061678558,1.791759469,4.17438727,6.259581464,3.171100965,0.121987518,6.478663332,2.885173269,7.31378688,5.484796933,3.931825633,1.098612289,0.693147181,135.912187,0.001,0,0,Yueyang,1.89122,5,1
1836,4.079783394,2.944438979,4.919980926,7.511524648,3.696570304,0.532878658,6.936945635,2.881567559,7.367687537,5.958424693,4.262679877,1.098612289,1.386294361,251.697751,0.636514168,0.235381335,0,Yueyang,58.13266,18,2
1886,3.298350741,2.944438979,4.624972813,6.711740395,3.510511173,0.703409344,6.968683685,2.926441679,7.268513516,4.356708827,4.394449155,2.397895273,2.397895273,395.558608,0.801818553,1.234954182,1.396798805,Changsha,26.06796,18,2
1906,3.068635091,2.48490665,4.442651256,6.799055862,4.479719542,0.409629757,6.656627303,2.869444298,7.282841383,6.431331082,3.931825633,2.63905733,1.386294361,0,0,0.321813675,0,Xiangxi,20.51252,11,2
1908,1.834510801,2.564949357,4.406719247,6.814542897,3.237810232,0.120729801,5.929553611,2.900047023,7.289212319,5.351858133,3.828641396,0.693147181,1.386294361,0,0,0.229849988,0,Huaihua,5.26207,12,2
1916,3.413444742,2.708050201,4.753590191,7.242082359,3.624179587,0.252205143,6.668243801,2.832232275,7.301350248,5.96870756,3.931825633,1.791759469,1.609437912,135.912187,0.001,0,0,Huaihua,29.36968,14,2
1921,3.963252858,3.526360525,5.099866428,7.404279118,3.788438096,0.784221127,6.844909809,2.810339606,7.320990091,6.11146734,3.433987204,1.098612289,1.098612289,271.824373,0.529706199,0.518962738,0.913724612,Yiyang,51.62824,33,4
1949,3.120727902,2.772588722,4.33073334,7.457032089,3.491177625,0.250221609,6.804234237,2.89695504,7.313720262,5.332718793,4.394449155,1.386294361,1.098612289,135.912186,0.001,0.17103604,0,Changsha,21.66287,15,2
1982,3.194983872,3.17805383,4.543294782,7.303843225,3.673621136,0.789929004,6.943354143,2.845813626,7.309424291,6.216606101,4.110873864,1.098612289,1.386294361,258.317278,0.693147181,0.656955025,0,Yiyang,23.40978,23,3
1985,2.630990595,2.890371758,4.890349128,6.139884552,3.331854449,0.418433981,6.115611269,2.871616415,7.272120562,5.252273428,4.110873864,1.791759469,1.791759469,0,0,0.924721745,0,Yiyang,12.88752,17,2
1989,1.681414329,2.890371758,4.65396035,6.381816017,3.390294494,0.600220159,6.943354143,2.906050425,7.251368621,4.615120517,4.189654742,1.386294361,1.098612289,258.317278,0.562335145,0.866397647,0,Yiyang,4.37315,17,2
1990,2.709298089,2.944438979,4.691347882,6.862757913,3.695256577,0.760160761,6.967432318,2.906050425,7.251368621,4.394449155,4.510859507,1.098612289,1.098612289,394.229464,0.974314753,1.073993376,1.295446299,Yiyang,14.01873,18,2
2006,3.843379216,2.833213344,4.615120517,7.54009032,3.656629469,0.607997706,6.718843369,2.926441679,7.268513516,4.532599493,4.394449155,2.397895273,2.772588722,135.912186,0.001,1.236213657,0,Changsha,45.68296,16,2
2058,3.445445819,2.197224577,4.454347296,7.787796878,3.577078521,0.387369024,6.656627303,2.933679726,7.250162277,4.262679877,4.510859507,0.693147181,0.693147181,135.912186,0.001,0.588186906,0,Changsha,30.35726,8,1
2096,3.023789464,2.833213344,4.574710979,7.68386398,3.363243492,0.590217042,7.004632485,2.804269059,7.315639658,6.431331082,4.394449155,2.079441542,1.791759469,402.618224,0.684954761,0.793198189,0.580827297,Huaihua,19.56909,16,2
2099,2.364539654,3.17805383,4.859812404,6.626717749,3.77002709,0.708887647,6.81765003,2.869696717,7.278697939,5.673323267,3.931825633,1.386294361,1.098612289,135.912187,0.001,0.321813675,0,Yiyang,9.63914,23,3
2102,1.480594941,2.564949357,4.406719247,5.416100402,3.680380187,0.169666822,6.115611269,2.875195512,7.277109535,5.141663557,3.713572067,1.791759469,1.386294361,0,0,0.238301697,0,Yiyang,3.39556,12,2
2106,3.8589167,3.091042453,4.762173935,7.128495946,3.68093372,0.338434596,6.115611269,2.888548987,7.256755864,5.638354669,4.795790546,1.609437912,2.079441542,0,0,0.57013357,0,Yiyang,46.41396,21,3
2107,2.852442566,2.564949357,4.477336814,6.80682936,3.421223513,0.234819126,6.791917692,2.887187806,7.259514817,4.795790546,4.262679877,1.098612289,1.098612289,135.912186,0.001,0.053338309,0,Yiyang,16.33006,12,2
2108,2.761205428,2.890371758,4.718498871,6.054439346,3.526554623,0.182096531,6.478663332,2.869853808,7.270753499,5.198497031,4.262679877,1.098612289,0.693147181,135.912186,0.001,0.128190069,0,Yiyang,14.8189,17,2
2128,1.93543115,2.397895273,4.356708827,7.395107547,3.305499293,0.19452183,6.656627303,2.919421261,7.28058243,4.615120517,4.262679877,2.397895273,2.397895273,135.912186,0.001,0.202815551,0,Changsha,5.92703,10,1
2139,2.99530018,2.48490665,4.48863637,7.582738489,3.565605842,0.648170735,7.050430192,2.832494262,7.39255514,6.054439346,4.110873864,1.098612289,1.386294361,375.431987,1.039720771,0.696710278,1.91818405,Changsha,18.99136,11,2
2144,0.227502039,1.945910149,4.17438727,5.347107531,2.76525754,0.0009995,5.787050836,2.777369153,7.28230291,6.685860947,3.258096538,1.386294361,0.693147181,0,0,0,0,Xiangxi,0.25546,6,1
2159,1.87472866,2.564949357,4.624972813,6.839476438,3.644766373,0.583538766,6.699827663,2.871962792,7.243489157,6.508769137,4.394449155,1.098612289,0.693147181,135.912186,0.001,0.162282907,0,Zhangjiajie,5.51905,12,2
2162,3.129393033,3.218875825,4.828313737,7.448333861,3.340305891,0.302516496,6.478663332,2.848906617,7.29357307,5.888877958,4.262679877,1.386294361,1.098612289,0,0,0,0,Yiyang,21.8601,24,3
2173,3.190961007,2.944438979,4.394449155,6.823286122,3.504741449,0.10738247,6.478663332,2.854968505,7.277213137,5.198497031,4.510859507,1.609437912,1.386294361,135.912187,0.001,0,0,Yiyang,23.31178,18,2
2201,2.545099021,2.564949357,4.744932128,6.616065185,3.592267778,0.202565263,6.656627303,2.806453169,7.224534846,6.431331082,3.931825633,1.791759469,1.098612289,0,0,0.090012477,0,Xiangxi,11.74449,12,2
2221,2.608735815,1.791759469,4.49980967,6.553933404,3.824795096,0.494055793,6.943354143,2.869790861,7.278916513,5.707110265,4.262679877,1.386294361,1.098612289,135.912187,0.001,0.553200368,0,Yiyang,12.58187,5,1
2223,2.02609878,2.302585093,4.262679877,6.018593214,3.637491682,0.228958611,6.656627303,2.87729271,7.267990519,5.602118821,4.110873864,1.098612289,1.098612289,0,0,0.20693737,0,Yiyang,6.58444,9,1
2235,2.740423163,2.564949357,4.442651256,6.799055862,3.295718711,0.0009995,5.787050836,2.837159665,7.284718013,5.017279837,3.931825633,1.098612289,1.098612289,0,0,0,0,Yiyang,14.49354,12,2
2254,3.224725482,2.944438979,4.605170186,6.97354302,3.389844177,0.716966241,6.931636167,2.91732036,7.311786012,6.216606101,4.394449155,1.098612289,0.693147181,324.364935,1.115065984,0.508455674,1.459930664,Changsha,24.14667,18,2
2275,0.220620371,1.791759469,4.127134385,4.727387819,2.603102933,0.405731739,6.115611269,2.807593831,7.319666201,6.089044875,3.433987204,1.098612289,0.693147181,0,0,0.878765876,0,Huaihua,0.24685,5,1
2276,3.575802857,2.995732274,4.86753445,7.582738489,3.625451782,0.587314331,6.943354143,2.802012807,7.315074221,6.608000625,4.510859507,1.098612289,0.693147181,135.912187,0.001,1.039974096,0,Huaihua,34.72329,19,2
2284,2.49052749,2.995732274,4.624972813,6.154858094,3.308008051,0.118689292,6.478663332,2.770085592,7.34246626,6.508769137,3.931825633,1.791759469,1.386294361,135.912187,0.001,0,0,Yiyang,11.06764,19,2
2285,2.288271135,2.772588722,4.644390899,5.726847748,3.474868759,0.64327393,6.668243801,2.815375785,7.309178864,6.329720906,3.931825633,1.791759469,1.386294361,135.912187,0.001,0,0,Yiyang,8.85788,15,2
2292,3.020821393,2.079441542,4.605170186,7.507690078,3.463933655,0.0009995,5.787050836,2.879166996,7.274317799,5.707110265,4.454347296,1.386294361,1.791759469,0,0,0,0,Yiyang,19.50813,7,1
2332,2.954006225,3.135494216,4.787491743,6.908754779,3.754330293,0.339083111,6.81765003,2.876479596,7.283539777,5.755742214,3.931825633,1.791759469,1.386294361,135.912186,0.001,0.304267344,0,Huaihua,18.18265,22,3
2333,1.933102769,2.397895273,4.65396035,6.259581464,3.295046924,0.620942012,6.656627303,2.807593831,7.319666201,5.942799375,3.828641396,1.609437912,1.386294361,0,0,0.171455361,0,Huaihua,5.91092,10,1
2341,0.772434218,1.791759469,4.48863637,6.274762021,4.044468333,0.565058095,6.668243801,2.87729271,7.267990519,5.739792912,3.931825633,1.386294361,1.098612289,0,0,0,0,Yiyang,1.16503,5,1
2347,3.241609447,3.36729583,4.700480366,7.623641947,3.288560457,0.24469367,6.650932328,2.820816824,7.32097911,5.860786223,4.454347296,1.386294361,1.609437912,135.912187,0.001,0,0,Yiyang,24.57485,28,4
2357,2.463743447,2.564949357,4.615120517,7.252053952,3.619216358,0.310971262,6.791917692,2.931519566,7.255897266,4.615120517,4.394449155,1.098612289,0.693147181,375.431987,0.900256051,0.162217709,1.668509713,Changsha,10.74871,12,2
2362,2.971962498,3.258096538,4.510859507,7.697121317,3.286621199,0.058646195,6.650932328,2.934477422,7.263037613,4.709530201,4.394449155,1.098612289,0.693147181,258.317278,0.693147181,0.026163086,0,Changsha,18.53021,25,3
2373,3.362899975,3.044522438,4.663439094,7.66293785,3.206557464,0.233014671,6.656627303,2.921607147,7.301788592,4.875197323,4.394449155,1.386294361,0.693147181,0,0,0.265724476,0,Changsha,27.8728,20,2
2397,2.697327585,2.772588722,4.543294782,7.507690078,3.521735729,0.297426937,6.812804109,2.865718686,7.278824458,5.96870756,4.110873864,2.197224577,1.609437912,135.912187,0.001,0,0,Yiyang,13.84002,15,2
2418,2.932298209,3.091042453,4.663439094,6.720220155,3.486382537,0.460943964,6.656627303,2.938544271,7.260581184,4.454347296,4.394449155,1.098612289,1.098612289,135.912186,0.001,0.749186419,0,Changsha,17.77072,21,3
2439,1.597502974,2.708050201,4.430816799,6.393590754,3.378614633,0.0009995,5.787050836,2.868971622,7.236123301,6.56667243,4.262679877,1.386294361,1.609437912,0,0,0,0,Xiangxi,3.94068,14,2
2469,1.608931784,1.386294361,3.931825633,6.773080376,3.229072066,0.0009995,5.787050836,2.834030069,7.312898149,5.942799375,4.564348191,1.791759469,0.693147181,0,0,0,0,Changsha,3.99747,3,1
2491,0.66261065,2.302585093,4.234106505,6.230481448,2.643533724,0.0009995,5.787050836,2.917049932,7.307112908,4.875197323,4.394449155,1.098612289,0.693147181,0,0,0,0,Changsha,0.93985,9,1
2505,2.932609283,2.708050201,4.779123493,6.966967139,3.581976917,0.629371035,6.795048848,2.872559615,7.282394569,5.916202063,4.025351691,2.397895273,1.791759469,0,0,0,0,Huaihua,17.77656,14,2
2507,2.52287979,3.218875825,4.875197323,6.202535517,3.718983981,0.0009995,5.787050836,2.838330816,7.297519978,5.96870756,3.713572067,1.609437912,1.098612289,0,0,0,0,Huaihua,11.46444,24,3
2558,0.318024548,2.197224577,4.110873864,6.171700597,2.877809291,0.0009995,5.787050836,2.898180634,7.240864761,6.018593214,3.433987204,0.693147181,0.693147181,0,0,0,0,Xiangxi,0.37441,8,1
2598,2.620938455,2.302585093,4.060443011,7.376508126,3.240245851,0.377860928,6.817793601,2.941012061,7.284054707,4.189654742,4.394449155,2.397895273,3.258096538,299.877829,0.759547391,0.298828818,1.213449841,Changsha,12.74862,9,1
2607,2.876304949,3.135494216,4.718498871,6.302618976,3.316752527,0.052810643,6.478663332,2.888580154,7.3389964,5.398162702,4.394449155,1.098612289,1.098612289,135.912186,0.001,0.052322533,0,Changsha,16.74857,22,3
2608,2.204342518,2.197224577,4.262679877,6.855408799,2.990616711,0.437196306,6.804234237,2.894960104,7.341202964,5.673323267,4.394449155,3.044522438,3.044522438,259.646422,0.178844913,0.992998784,0.319092999,Changsha,8.06429,8,1
2685,3.940770411,3.135494216,4.634728988,7.669961995,3.616657356,0.622531565,6.81765003,2.867835832,7.2662453,6.329720906,4.454347296,1.386294361,1.609437912,271.824373,0.500402424,1.303745882,0,Huaihua,50.45823,22,3
2687,2.856616173,3.583518938,4.94875989,6.814542897,3.327167919,0.447860265,6.802759041,2.766004594,7.338064715,5.942799375,4.394449155,2.079441542,1.609437912,258.317278,0.636514168,0.223458328,0,Loudi,16.40254,35,4
2697,1.904424244,2.890371758,4.859812404,5.863631176,3.801686575,0.548999635,6.668243801,2.829087196,7.308341806,6.274762021,4.262679877,1.386294361,1.386294361,271.824373,0.636514168,0.270028921,0,Loudi,5.71554,17,2
2705,3.13764668,2.564949357,4.624972813,7.845024417,3.305658109,0.095628311,6.478663332,2.926471152,7.276879089,5.081404365,4.510859507,2.397895273,1.791759469,135.912186,0.001,0.025839549,0,Xiangtan,22.04956,12,2
2726,2.525366979,2.079441542,4.418840608,7.116394144,3.935860423,0.171454389,6.115611269,2.87403515,7.217039792,6.216606101,4.262679877,1.386294361,1.791759469,0,0,0.241790611,0,Xiangxi,11.49548,7,1
2736,3.509548222,3.135494216,4.844187086,6.80682936,3.730306625,0.28878896,6.115611269,2.856278809,7.278766925,5.993961427,3.931825633,2.079441542,1.609437912,0,0,0.513869553,0,Huaihua,32.43316,22,3
2743,2.823647145,3.33220451,4.753590191,6.839476438,3.600516983,0.233228527,6.115611269,2.766004594,7.338064715,6.431331082,4.33073334,1.791759469,1.386294361,0,0,0.374150155,0,Loudi,15.83815,27,4
2760,3.159462919,2.995732274,4.691347882,7.399398083,3.2761363,0.0009995,5.787050836,2.932437246,7.270579587,5.017279837,4.510859507,2.397895273,1.791759469,0,0,0,0,Xiangtan,22.55794,19,2
2761,2.840172602,2.944438979,4.543294782,6.938284484,3.399173669,0.121633391,6.656627303,2.926471152,7.276879089,4.905274778,4.394449155,0.693147181,1.386294361,135.912186,0.001,0.110088898,0,Xiangtan,16.11872,18,2
2798,2.879457974,2.197224577,4.276666119,8.045588281,3.310208651,0.179826781,6.718843369,2.867835832,7.2662453,5.739792912,4.262679877,1.386294361,1.609437912,135.912187,0.001,0.164034776,0,Huaihua,16.80462,8,1
2799,1.113500901,1.945910149,4.219507705,7.098375639,3.403823264,0.0009995,5.787050836,2.766004594,7.338064715,6.621405652,4.33073334,1.945910149,1.386294361,0,0,0,0,Loudi,2.045,6,1
2814,3.421586765,3.36729583,4.795790546,7.478734826,3.710649018,0.382544425,6.139374034,2.925309809,7.267955691,5.198497031,4.510859507,2.197224577,2.197224577,0,0,0.344407218,0,Changsha,29.61796,28,4
2817,3.045520987,3.135494216,4.736198448,6.790097236,3.634591153,0.541736909,6.81765003,2.932437246,7.270579587,4.477336814,4.510859507,0.693147181,1.386294361,135.912186,0.001,1.031872281,0,Xiangtan,20.02098,22,3
2825,2.814650947,3.218875825,4.795790546,6.51174533,3.418953144,0.384956231,6.668243801,2.943444274,7.284729482,4.262679877,4.394449155,0.693147181,1.386294361,271.824372,0.376770161,0.939437256,0.578565209,Changsha,15.68735,24,3
2829,2.113632801,2.302585093,4.17438727,6.139884552,3.230925732,0.552240083,6.656627303,2.940395552,7.289656015,4.875197323,4.394449155,1.386294361,0.693147181,135.912186,0.001,1.178145761,0,Changsha,7.27826,9,1
2854,2.03626391,2.302585093,4.262679877,7.33823815,3.548992191,0.0009995,5.787050836,2.746487274,7.328130891,6.825460036,4.304065093,1.791759469,1.386294361,0,0,0,0,Loudi,6.66193,9,1
2891,2.528890042,2.63905733,4.744932128,7.252053952,3.689461785,0.710731663,6.668853529,2.898946005,7.193009391,5.707110265,2.708050201,1.386294361,2.397895273,361.886467,1.149059697,1.0051395,2.41088463,Xiangxi,11.53958,13,2
2908,1.210928557,2.302585093,4.143134726,7.116394144,2.885677423,0.497661354,6.656627303,2.746487274,7.328130891,6.49375384,4.262679877,1.386294361,1.098612289,135.912186,0.001,0.841712288,0,Loudi,2.3566,9,1
2917,3.690217059,3.044522438,4.94875989,7.586296307,3.562937758,0.53238553,6.656627303,2.841803986,7.317201386,6.523562306,4.33073334,0.693147181,2.197224577,135.912187,0.001,1.24802846,0,Loudi,39.05354,20,2
2922,1.485025954,2.079441542,4.276666119,7.343426229,2.974935512,0.0009995,5.787050836,2.89670941,7.30552418,5.993961427,4.110873864,2.197224577,1.609437912,0,0,0,0,Changsha,3.41508,7,1
2939,2.375472106,2.772588722,4.394449155,6.711740395,3.286578585,0.417512249,6.656627303,2.893730555,7.32872185,5.081404365,3.931825633,1.791759469,1.386294361,0,0,0.393952912,0,Zhuzhou,9.75609,15,2
2946,2.391191031,2.63905733,4.709530201,6.139884552,3.223086547,0.136399775,6.115611269,2.898946005,7.193009391,5.860786223,4.025351691,1.386294361,2.397895273,0,0,0.176973683,0,Xiangxi,9.9265,13,2
2962,2.546046433,2.397895273,4.543294782,7.627057417,3.318507562,0.629104536,6.812804109,2.719978772,7.349091477,5.96870756,4.110873864,0.693147181,0.693147181,258.317279,0.679193266,0,0,Huaihua,11.75657,10,1
2963,2.653979721,2.708050201,4.744932128,7.014814351,3.452089779,0.332313601,5.929553611,2.746487274,7.328130891,6.56667243,4.262679877,1.098612289,0.693147181,0,0,0.40062375,0,Loudi,13.21048,14,2
2990,2.888193832,2.772588722,4.59511985,7.047517221,3.210988401,0.297218952,6.683763118,2.944935698,7.295441034,4.060443011,4.262679877,0.693147181,1.098612289,312.055779,0.655975732,0.428080799,0.900592359,Zhuzhou,16.96084,15,2
2999,2.485244926,3.218875825,4.691347882,6.720220155,3.485603785,0.0009995,5.787050836,2.892345365,7.173306782,6.018593214,4.33073334,1.386294361,1.098612289,0,0,0,0,Huaihua,11.00406,24,3
3073,2.908615436,2.944438979,4.753590191,7.060476366,3.57996764,0.092825277,6.115611269,2.83728973,7.295893323,5.986452005,3.713572067,0.693147181,0.693147181,0,0,0.106604526,0,Loudi,17.3314,18,2
3106,2.62298747,2.708050201,4.779123493,6.553933404,3.709065831,0.278479862,6.478663332,2.841706586,7.187505928,6.523562306,4.110873864,1.945910149,2.397895273,0,0,0,0,Xiangxi,12.77682,14,2
3115,2.079670266,1.945910149,4.290459441,7.652070746,3.237832604,0.112658818,6.115611269,2.892468447,7.216746233,5.484796933,4.406719247,3.610917913,1.386294361,0,0,0.137216894,0,Huaihua,7.00183,6,1
3120,3.10368358,2.772588722,4.663439094,7.001245622,3.509004302,0.23492982,6.115611269,2.875759404,7.254425326,5.860786223,4.454347296,1.098612289,1.386294361,0,0,0.378131618,0,Huaihua,21.27987,15,2
3122,0.305254273,1.609437912,3.044522438,2.772588722,0,0.0009995,5.787050836,2.839760687,7.281798503,6.634633358,4.110873864,1.098612289,1.386294361,0,0,0,0,Huaihua,0.35697,4,1
3125,3.094479268,3.135494216,4.94875989,6.830874235,3.589979413,0.207079208,6.661762307,2.658314991,7.39417554,6.957497371,4.615120517,1.791759469,0.693147181,135.912187,0.001,0.172571287,0,Loudi,21.07574,22,3
3127,3.176975332,2.995732274,4.875197323,7.257707677,3.626099918,0.465957957,6.812033351,2.83728973,7.295893323,5.638354669,4.110873864,1.098612289,1.098612289,298.548685,0.687092027,0.276578123,0.581404015,Loudi,22.97413,19,2
3160,2.077497153,2.772588722,4.875197323,6.107022888,1.629891308,0.0009995,5.787050836,2.865908286,7.177273409,5.993961427,3.931825633,1.386294361,1.386294361,0,0,0,0,Huaihua,6.98446,15,2
3198,3.399407781,2.63905733,4.454347296,7.309212366,3.746124961,0.624140023,7.050430192,2.943415297,7.289587777,4.189654742,4.394449155,1.098612289,1.386294361,375.431987,0.943348392,0.281786389,0.938700281,Xiangtan,28.94636,13,2
3210,3.570256941,3.295836866,4.605170186,7.608870629,3.750585609,0.506588661,6.932338793,2.94624997,7.301260235,4.510859507,4.442651256,1.098612289,1.098612289,371.98715,0.721463687,0.719506689,1.283071891,Zhuzhou,34.52572,26,4
3214,1.510039588,1.791759469,4.510859507,6.246106765,3.342101799,0.194381871,6.478663332,2.892529983,7.174341388,5.375278408,4.454347296,1.791759469,1.609437912,135.912187,0.001,0,0,Huaihua,3.52691,5,1
3229,3.04876438,2.890371758,4.615120517,7.700747795,3.251370895,0.226497919,6.656627303,2.830038309,7.284466529,6.293419279,4.454347296,1.098612289,1.791759469,135.912187,0.001,0.268991186,0,Loudi,20.08927,17,2
3230,2.97940216,3.258096538,4.795790546,7.001245622,3.752097416,0.250727589,6.139374034,2.830038309,7.284466529,6.398594935,3.970291914,0.693147181,0.693147181,0,0,0.123356949,0,Loudi,18.67605,25,3
3274,3.096882187,2.708050201,4.624972813,7.551712215,3.475598359,0.111425089,6.650932328,2.874066773,7.235823248,6.398594935,4.110873864,1.386294361,1.098612289,135.912187,0.001,0,0,Huaihua,21.12885,14,2
3276,3.87088221,2.944438979,4.890349128,6.466144724,3.631525462,0.589967618,6.667353113,2.877105257,7.245845206,6.329720906,4.189654742,1.098612289,1.386294361,176.143593,0.636514168,1.157524257,0.581404015,Huaihua,46.9847,18,2
3277,2.135191951,2.833213344,4.890349128,5.598421959,3.586677002,0.273448758,6.115611269,2.852086474,7.265954061,6.431331082,4.262679877,1.098612289,1.098612289,0,0,0.473258267,0,Huaihua,7.45867,16,2
3278,2.722589327,3.17805383,4.94875989,6.329720906,3.655769055,0.309108381,6.115611269,2.677858312,7.372568386,6.398594935,4.262679877,1.098612289,1.098612289,0,0,0.57013357,0,Huaihua,14.21968,23,3
3280,2.959766697,3.295836866,4.744932128,6.823286122,3.679018494,0.0009995,5.787050836,2.671232678,7.37901849,7.244941546,4.110873864,1.791759469,1.386294361,0,0,0,0,Loudi,18.29347,26,4
3311,2.547133908,3.33220451,4.736198448,6.12249281,3.541814321,0.684449465,6.665727475,2.94300532,7.300607815,4.615120517,4.110873864,1.386294361,1.098612289,135.912187,0.001,1.343933108,0,Zhuzhou,11.77045,27,4
3319,1.87899471,2.48490665,4.844187086,5.598421959,3.859534681,0.187466632,6.478663332,2.865750004,7.19478715,5.564520407,4.110873864,1.945910149,1.386294361,135.912187,0.001,0,0,Huaihua,5.54692,11,2
3323,2.407425173,1.609437912,4.644390899,6.635946556,3.660024114,0.675298842,6.642337664,2.824153011,7.237406735,6.216606101,4.189654742,1.791759469,1.386294361,135.912186,0.001,0.383074499,0,Huaihua,10.10533,4,1
3326,3.484540483,3.17805383,5.105945474,7.511524648,4.009436608,0.655450505,6.830068748,2.812777116,7.273497268,6.88857246,4.110873864,1.386294361,1.098612289,292.522288,1.088899975,0.536125032,1.763939819,Huaihua,31.60744,23,3
3333,3.2148172,2.890371758,4.779123493,6.938284484,3.239125803,0.0009995,5.787050836,2.834519549,7.274364077,6.293419279,4.394449155,1.791759469,1.098612289,0,0,0,0,Shaoyang,23.89874,17,2
3355,2.932435115,1.609437912,3.713572067,6.405228458,3.375546527,0.100894558,6.656627303,2.936247627,7.302967977,4.672828834,4.394449155,0.693147181,1.386294361,135.912187,0.001,0.069074157,0,Xiangtan,17.77329,4,1
3376,3.988169456,3.36729583,5.099866428,6.952728645,3.513788593,0.46632186,6.656627303,2.850096489,7.24233285,6.196444128,3.828641396,0.693147181,1.386294361,135.912187,0.001,0.885752443,0,Huaihua,52.95603,28,4
3437,2.561478726,2.708050201,4.812184355,6.674561392,3.600479022,0.0009995,5.787050836,2.85847968,7.259233384,6.398594935,4.394449155,1.098612289,1.386294361,0,0,0,0,Shaoyang,11.95496,14,2
3453,2.07824833,2.564949357,4.406719247,6.476972363,3.206412479,0.21787369,6.814782495,2.925339852,7.295870715,5.525452939,4.394449155,0.693147181,1.386294361,258.317278,0.693147181,0.10055489,0,Loudi,6.99046,12,2
3454,2.239216021,2.302585093,4.442651256,7.140453043,3.394057285,0.327265701,6.814264571,2.947008832,7.28268097,4.65396035,4.454347296,0.693147181,1.386294361,259.646422,0.376770161,0.42652976,0.821219624,Xiangtan,8.38597,9,1
3464,2.218031058,2.197224577,4.584967479,5.676753802,3.322997253,0.155241513,6.478663332,2.901879182,7.343652581,5.442417711,4.510859507,1.386294361,1.098612289,135.912187,0.001,0,0,Zhuzhou,8.18922,8,1
3479,2.747458076,3.044522438,4.59511985,6.368187186,3.413540557,0.063171963,6.478663332,2.876291427,7.217272177,6.06610809,3.828641396,1.098612289,1.386294361,135.912186,0.001,0.065399718,0,Huaihua,14.60292,20,2
3480,4.243145673,3.433987204,5.099866428,7.098375639,3.798027314,0.623169896,6.802759041,2.825306283,7.25585021,5.707110265,3.828641396,1.098612289,1.386294361,135.912187,0.001,0.959196942,0,Huaihua,68.62653,30,4
3516,2.581634007,2.302585093,4.812184355,6.202535517,3.236239795,0.439505761,6.668243801,2.901879182,7.343652581,5.505331536,4.510859507,1.791759469,1.386294361,145.647389,0.562335145,0.853897356,1.23334459,Zhuzhou,12.21872,9,1
3533,3.054434107,2.48490665,4.96284463,6.830874235,3.762247939,0.400077286,6.802759041,2.876291427,7.217272177,5.916202063,4.454347296,1.098612289,1.386294361,135.912187,0.001,0.208242866,0,Huaihua,20.20918,11,2
3534,2.251271798,2.197224577,4.820281566,5.774551546,3.599721958,0.221341929,6.478663332,2.825306283,7.25585021,6.274762021,3.828641396,1.098612289,1.609437912,135.912187,0.001,0,0,Huaihua,8.49981,8,1
3539,4.005151899,3.258096538,4.795790546,7.268223021,3.601553664,0.416062095,6.656627303,2.875696828,7.208254853,6.685860947,4.394449155,2.197224577,1.386294361,135.912186,0.001,0.853973548,0,Huaihua,53.88016,25,3
3560,2.999605264,2.564949357,4.532599493,6.790097236,3.396014306,0.645651928,6.939654641,2.947008832,7.28268097,5.293304825,4.394449155,1.098612289,1.386294361,135.912186,0.001,1.098670278,0,Xiangtan,19.07761,12,2
3575,2.350222212,3.044522438,5.003946306,5.509388337,3.685691628,0.169666822,6.115611269,2.859180324,7.128683097,6.329720906,4.33073334,1.386294361,1.098612289,0,0,0.238301697,0,Huaihua,9.4879,20,2
3585,4.155472587,3.295836866,4.919980926,7.932003152,3.637119209,0.315890449,6.688574366,2.804403473,7.239274735,6.957497371,3.828641396,1.098612289,1.386294361,135.912186,0.001,0.271760956,0,Huaihua,62.7821,26,4
3588,2.605029908,3.36729583,4.836281907,6.606650186,2.956716979,0.0009995,5.787050836,2.865433935,7.221641066,5.888877958,4.262679877,0.693147181,1.098612289,0,0,0,0,Huaihua,12.53163,28,4
3591,2.892623111,2.890371758,4.919980926,6.72982407,3.353592015,0.199956804,6.115611269,2.8227999,7.268397343,6.710523109,4.189654742,1.098612289,1.098612289,0,0,0.299935843,0,Huaihua,17.04057,17,2
3595,2.772624347,2.708050201,4.465908119,6.738152495,3.748717885,0.059258984,6.115611269,2.786998156,7.28272678,6.621405652,4.110873864,1.098612289,1.098612289,0,0,0.060347348,0,Shaoyang,15.00057,14,2
3598,2.069252307,2.708050201,4.477336814,6.154858094,3.66901419,0.256586064,6.478663332,2.839338079,7.267885865,6.431331082,3.931825633,1.609437912,1.386294361,135.912187,0.001,0,0,Shaoyang,6.9189,14,2
3622,2.858017285,2.944438979,4.394449155,7.72753511,3.4304406,0.528773591,6.787498553,2.960651579,7.284626573,4.369447852,3.931825633,1.098612289,0.693147181,271.824373,0.376770161,0.807402214,0.718648101,Zhuzhou,16.42694,18,2
3633,2.462931965,2.197224577,4.33073334,6.405228458,3.532121253,0.088212322,6.478663332,2.866256076,7.154745528,6.447305863,4.454347296,1.791759469,1.386294361,135.912186,0.001,0.097372402,0,Huaihua,10.73918,8,1
3639,1.380899837,2.079441542,4.189654742,6.945051064,3.183827133,0.348556075,6.656627303,2.884707412,7.174226468,5.602118821,3.828641396,0.693147181,1.098612289,0,0,0.099825513,0,Huaihua,2.97848,7,1
3642,4.252478015,2.944438979,4.584967479,6.871091295,3.891470645,0.847926234,6.944635987,2.889784919,7.200511979,5.978885765,4.510859507,0.693147181,1.098612289,0,0,1.315098116,0,Huaihua,69.27935,18,2
3649,0.743246012,2.833213344,4.158883083,6.216606101,2.861267874,0.0009995,5.787050836,2.601000853,7.380868618,7.303843225,4.110873864,2.397895273,1.945910149,0,0,0,0,Shaoyang,1.10275,16,2
3675,2.388998541,2.833213344,4.465908119,7.380879036,3.234664919,0.280974628,6.656627303,2.936984421,7.29290432,4.836281907,4.394449155,0.693147181,1.098612289,0,0,0.162984352,0,Xiangtan,9.90257,16,2
3677,0.879319646,2.079441542,4.060443011,6.994849986,2.545531272,0.222271171,6.478663332,2.960651579,7.284626573,4.510859507,4.615120517,0.693147181,1.386294361,135.912187,0.001,0,0,Zhuzhou,1.40926,7,1
3687,2.822539522,2.772588722,4.634728988,6.952728645,3.632801574,0.060869298,6.115611269,2.872622388,7.131791791,6.274762021,4.110873864,1.098612289,1.098612289,0,0,0.062404103,0,Huaihua,15.81951,15,2
3690,3.378865879,3.583518938,4.905274778,6.018593214,3.794062554,0.883738614,6.95585692,2.878948988,7.144012469,6.216606101,4.406719247,1.791759469,1.609437912,321.790982,1.320888343,1.026320724,1.891529627,Huaihua,28.33748,35,4
3701,2.327560592,3.36729583,5.159055299,6.499787041,3.267071145,0.0009995,5.787050836,2.770642454,7.29290432,6.685860947,4.394449155,1.098612289,1.386294361,0,0,0,0,Huaihua,9.2529,28,4
3706,2.750169274,3.258096538,4.700480366,6.871091295,3.492243027,0.057731028,6.115611269,2.786998156,7.28272678,6.722629795,3.713572067,1.386294361,1.098612289,0,0,0.058421827,0,Shaoyang,14.64528,25,3
3727,3.022951448,3.433987204,4.477336814,7.746732908,3.438261283,0.034932687,6.478663332,2.937367191,7.287754418,4.795790546,4.33073334,0.693147181,0.693147181,0,0,0,0,Hengyang,19.55186,30,4
3733,1.274096636,2.079441542,4.17438727,7.001245622,3.333569649,0.094964666,6.478663332,2.953636552,7.287765852,4.615120517,4.615120517,0.693147181,1.098612289,135.912187,0.001,0,0,Hengyang,2.57547,7,1
3738,2.616499811,2.833213344,4.700480366,7.515889085,3.485247127,0.238079453,6.81765003,2.942946814,7.297768283,5.049856007,3.931825633,1.386294361,1.098612289,135.912187,0.001,0.222862827,0,Zhuzhou,12.68773,16,2
3742,2.865057369,2.708050201,4.663439094,7.578656851,3.176174566,0.162161366,6.81765003,2.873470285,7.349273685,6.398594935,3.931825633,0.693147181,1.386294361,135.912186,0.001,0.072825702,0,Zhuzhou,16.55006,14,2
3746,3.952444728,3.258096538,5.062595033,6.862757913,3.517984069,0.507040469,6.81765003,2.796773279,7.157138265,6.415096959,4.33073334,1.386294361,1.098612289,135.912187,0.001,0.928163958,0,Huaihua,51.06249,25,3
3748,3.248952939,3.044522438,4.49980967,6.871091295,3.299565093,0.0009995,5.787050836,2.853592506,7.151420125,6.293419279,4.33073334,1.791759469,1.609437912,0,0,0,0,Huaihua,24.76335,20,2
3782,3.607730134,3.091042453,4.795790546,6.302618976,3.557803331,0.623271777,6.656627303,2.907386734,7.29550888,5.638354669,3.828641396,0.693147181,0.693147181,135.912187,0.001,1.289724125,0,Hengyang,35.88224,21,3
3791,2.96706373,1.609437912,3.135494216,6.878326468,3.500993545,0.0009995,5.787050836,2.953636552,7.287765852,4.615120517,4.510859507,1.098612289,1.791759469,0,0,0,0,Hengyang,18.43477,4,1
3800,2.834112939,2.708050201,4.875197323,6.908754779,3.620921761,0.431366746,6.683763118,2.895604709,7.343307626,5.65248918,4.262679877,0.693147181,1.386294361,176.143593,0.500402424,0.51027499,0.963321556,Zhuzhou,16.0153,14,2
3805,3.179409994,2.833213344,4.65396035,7.803435057,3.444738875,0.0009995,5.787050836,2.796773279,7.157138265,6.769641977,4.025351691,1.098612289,0.693147181,0,0,0,0,Huaihua,23.03257,16,2
3806,1.737683359,1.791759469,4.919980926,5.568344504,3.661585592,0.551364698,6.656627303,2.779681633,7.180133368,6.685860947,4.077537444,1.386294361,1.098612289,0,0,0.637674344,0,Huaihua,4.68416,5,1
3824,3.290484047,3.258096538,4.700480366,7.809541325,3.465109457,0.115282133,6.115611269,2.869822619,7.251167663,6.415096959,3.713572067,1.386294361,0.693147181,0,0,0.141454713,0,Shaoyang,25.85586,25,3
3841,3.048822702,1.098612289,3.044522438,5.541263545,3.508408883,0.212123048,6.81765003,2.917109973,7.283104763,5.564520407,4.262679877,0.693147181,1.098612289,135.912186,0.001,0.163306728,0,Loudi,20.0905,2,1
3842,2.954522704,2.772588722,4.553876892,7.333676396,3.298041841,0.11963909,6.656627303,2.907386734,7.29550888,5.525452939,4.394449155,0.693147181,1.386294361,135.912187,0.001,0.039510779,0,Hengyang,18.19256,15,2
3843,3.37285449,2.772588722,4.770684624,7.77569575,3.535917068,0.03596542,6.115611269,2.945023545,7.277881078,5.303304908,4.394449155,0.693147181,1.098612289,0,0,0.032691011,0,Hengyang,28.16165,15,2
3847,4.042317665,3.583518938,5.153291594,6.738152495,3.914379227,0.674804986,6.718843369,2.731911249,7.490575883,6.803505258,4.394449155,1.945910149,1.791759469,135.912186,0.001,0.981267912,0,Hengyang,55.9582,35,4
3854,2.156721976,2.302585093,4.418840608,5.480638923,3.939951547,0.39548211,6.656627303,2.939661797,7.3124201,5.768320996,4.394449155,0.693147181,1.098612289,135.912186,0.001,0.572803598,0,Zhuzhou,7.64276,9,1
3861,3.732524739,3.465735903,4.997212274,6.994849986,3.527278632,0.593282645,6.656627303,2.873470285,7.349273685,5.942799375,4.394449155,1.791759469,1.386294361,0,0,0.722547419,0,Zhuzhou,40.78447,31,4
3863,2.225277392,3.295836866,4.8978398,6.139884552,3.483291829,0.0009995,5.787050836,2.828791819,7.121831187,6.552507887,3.044522438,0.693147181,0.693147181,0,0,0,0,Huaihua,8.25605,26,4
3865,3.061709603,1.791759469,5.176149733,6.381816017,3.846610289,0.35145233,6.699827651,2.786518747,7.161350453,6.73459166,4.394449155,0.693147181,0.693147181,271.824372,0.693147181,0.321445478,1.322434763,Huaihua,20.36405,5,1
3866,2.203885676,1.791759469,4.820281566,6.171700597,3.870694424,0.217262291,6.478663332,2.786518747,7.161350453,6.792344427,4.394449155,1.098612289,0.693147181,135.912186,0.001,0.149491233,0,Huaihua,8.06015,5,1
3868,2.887795665,2.890371758,4.532599493,7.257707677,3.174079694,0.071808903,6.115611269,2.866603746,7.142036575,5.96870756,4.262679877,1.609437912,1.791759469,0,0,0.076799744,0,Huaihua,16.95369,17,2
3880,3.690626926,3.433987204,5.075173815,6.65544035,3.495064399,0.409603201,6.656627303,2.854008558,7.293754313,6.56667243,4.110873864,1.791759469,1.609437912,135.912187,0.001,0.72408077,0,Huaihua,39.06996,30,4
3882,3.581799962,2.708050201,4.844187086,7.743703258,3.456409106,0.347730057,6.963410879,2.697925115,7.338888134,6.478509642,4.110873864,1.609437912,1.098612289,403.964667,1.162699833,0.479642,1.593330647,Huaihua,34.93817,14,2
3910,3.180317101,2.890371758,4.605170186,7.390181428,3.478780143,0.362411459,6.656627303,2.958636142,7.284455057,4.262679877,4.615120517,1.098612289,1.386294361,0,0,0.501737196,0,Hengyang,23.05438,17,2
3911,2.750941733,1.609437912,3.044522438,5.945420609,3.416424853,0.223319536,6.652649187,2.942712226,7.293969621,4.394449155,4.564348191,0.693147181,1.386294361,135.912187,0.001,0,0,Hengyang,14.65737,4,1
3918,2.189663845,2.944438979,4.875197323,4.584967479,3.588363573,0.327294536,6.478663332,2.943883035,7.301383932,5.049856007,4.110873864,1.386294361,1.386294361,135.912187,0.001,0,0,Zhuzhou,7.93221,18,2
3927,3.882488731,3.135494216,4.927253685,7.085901464,3.609158799,0.232523422,6.656627303,2.840960901,7.144341377,6.196444128,4.394449155,1.098612289,1.098612289,135.912186,0.001,0.14773365,0,Huaihua,47.54488,22,3
3940,2.789623429,3.496507561,5.093750201,5.676753802,3.482203318,0.413261305,6.115611269,2.812810136,7.268095154,6.538139824,4.110873864,1.386294361,1.609437912,0,0,0.905845901,0,Shaoyang,15.27489,32,4
3942,3.000386924,2.772588722,4.605170186,7.499423291,3.522864125,0.0009995,5.787050836,2.717706759,7.331038484,6.932447892,3.931825633,1.609437912,1.386294361,0,0,0,0,Shaoyang,19.09331,15,2
3963,2.179504048,2.890371758,4.564348191,6.001414878,3.855208815,0.350410362,6.645973103,2.946979434,7.297497413,5.303304908,4.394449155,0.693147181,0.693147181,135.912187,0.001,0,0,Hengyang,7.84192,17,2
3975,2.53083001,2.772588722,4.465908119,6.626717749,3.654394888,0.444653769,6.829496829,2.936778131,7.303798372,5.252273428,4.394449155,0.693147181,1.098612289,135.912187,0.001,0.691493915,0,Zhuzhou,11.56393,15,2
3984,2.266112999,3.295836866,4.744932128,6.107022888,3.388223585,0.0009995,5.787050836,2.828791819,7.121831187,6.154858094,4.189654742,1.098612289,0.693147181,0,0,0,0,Huaihua,8.64185,26,3
3986,3.141275732,2.944438979,4.753590191,6.945051064,3.491036562,0.0009995,5.787050836,2.786518747,7.161350453,6.66057515,4.110873864,0.693147181,1.098612289,0,0,0,0,Huaihua,22.13336,18,2
3988,2.91172982,2.944438979,4.919980926,6.830874235,3.749860718,0.613871262,7.056153155,2.943883035,7.301383932,6.552507887,4.110873864,1.791759469,1.609437912,394.229464,1.039720771,0.338131522,1.175497567,Zhuzhou,17.38858,18,2
4036,1.754860326,2.708050201,4.521788577,6.356107661,3.470042553,0.27316724,6.656627303,2.936778131,7.303798372,5.017279837,4.454347296,0.693147181,1.098612289,0,0,0.267211846,0,Zhuzhou,4.78264,14,2
4039,2.16714445,2.197224577,4.48863637,6.938284484,3.384536015,0.063781985,5.787050836,2.943883035,7.301383932,5.198497031,4.110873864,1.386294361,1.098612289,0,0,0,0,Zhuzhou,7.73331,8,1
4044,2.679015408,2.833213344,4.836281907,6.342121419,3.452734563,0.0009995,5.787050836,2.772727463,7.131431992,6.34738921,4.795790546,1.386294361,0.693147181,0,0,0,0,Huaihua,13.57074,16,2
4045,2.219863049,1.791759469,4.406719247,7.390181428,3.282365796,0.0009995,5.787050836,2.794805101,7.156956365,6.34738921,4.110873864,0.693147181,1.098612289,0,0,0,0,Xiangxi,8.20607,5,1
4046,2.657660358,3.433987204,4.859812404,6.054439346,3.604514481,0.562571416,6.220211172,2.783089026,7.144420377,6.580639137,4.33073334,1.609437912,1.098612289,0,0,0.738225701,0,Xiangxi,13.26288,30,4
4057,3.655026608,3.044522438,5.117993812,6.782192056,3.730398246,0.93141183,6.933945501,2.701473287,7.317887214,6.898714534,4.110873864,1.609437912,1.098612289,384.525569,0.688917086,1.481015521,0.92209339,Shaoyang,37.66855,20,2
4097,2.805725461,1.609437912,3.044522438,6.03787092,3.314428884,0.15240344,6.478663332,2.929918807,7.311708097,4.912654886,4.262679877,0.693147181,1.386294361,0,0,0,0,Zhuzhou,15.53907,4,1
4159,2.186816153,2.944438979,4.779123493,6.356107661,3.35609471,0.17516266,6.115611269,2.771094481,7.120754187,6.49375384,4.394449155,0.693147181,0.693147181,0,0,0.249083298,0,Huaihua,7.90681,18,2
4160,3.28326596,3.555348061,5.38907173,6.646390515,3.502068736,0.09078176,6.115611269,2.876948738,7.137795013,5.802118375,4.262679877,1.609437912,1.098612289,0,0,0.103589727,0,Huaihua,25.66271,34,4
4171,2.955043083,2.995732274,4.672828834,7.158513997,3.710033619,0.445019099,7.057312568,2.8077278,7.274387178,6.685860947,3.713572067,1.609437912,1.386294361,614.289478,1.695742534,0.367585534,2.051503857,Shaoyang,18.20255,19,2
4172,0.682071066,2.197224577,4.234106505,6.830874235,2.965200899,0.0009995,5.787050836,2.853271994,7.246273065,6.311734809,4.394449155,1.609437912,1.386294361,0,0,0,0,Shaoyang,0.97797,8,1
4174,3.65581531,3.36729583,4.65396035,7.797291274,3.453678187,0.055831979,6.478663332,2.896648131,7.23680721,6.042632834,4.110873864,1.609437912,1.386294361,135.912187,0.001,0,0,Shaoyang,37.69906,28,4
4180,2.872629174,3.218875825,4.804021045,7.252053952,3.561742715,0.152721087,6.642337664,2.90157433,7.2389637,5.707110265,4.394449155,1.386294361,0.693147181,251.697751,0.693147181,0.054394302,0,Shaoyang,16.68345,24,3
4216,1.956554723,1.791759469,4.477336814,6.755768922,3.377210312,0.080334973,6.478663332,2.866888164,7.189658199,5.802118375,4.110873864,0.693147181,0.693147181,135.912186,0.001,0.091665994,0,Huaihua,6.07491,5,1
4223,3.777508501,3.295836866,5.030437921,7.158513997,3.721927308,0.19409366,6.668243801,2.662161224,7.33804304,7.074116816,4.369447852,2.48490665,1.609437912,0,0,0,0,Shaoyang,42.70701,26,4
4252,2.329223129,1.609437912,3.044522438,6.738152495,3.178863502,0.226298569,6.656627303,2.96847515,7.275403158,4.418840608,4.110873864,0.693147181,1.098612289,135.912186,0.001,0.288479345,0,Hengyang,9.26996,4,1
4255,3.518672814,2.890371758,4.382026635,8.48714627,3.281100672,0.296847442,6.656627303,2.949600897,7.301282716,4.875197323,4.510859507,0.693147181,1.386294361,135.912186,0.001,0.487127443,0,Hengyang,32.73962,17,2
4262,2.293723949,3.583518938,4.912654886,5.598421959,3.859044924,0.60947205,6.944635987,2.847006602,7.392442223,5.017279837,3.931825633,0.693147181,1.098612289,259.646422,0.636514168,0.606039566,1.668509713,Zhuzhou,8.91178,35,4
4265,3.481675687,2.833213344,4.615120517,7.578656851,3.565764196,0.469247093,6.936945635,2.908660167,7.319467513,6.133398043,4.510859507,0.693147181,2.772588722,251.697751,0.500402424,0.37547315,0,Zhuzhou,31.51416,16,2
4268,2.899432254,2.708050201,4.779123493,7.209340257,3.670529366,0.722414678,6.714868078,2.866793746,7.167976233,5.673323267,4.143134726,1.609437912,1.386294361,312.055779,0.887694276,1.281047809,1.324236987,Huaihua,17.16383,14,2
4277,3.850476271,3.33220451,4.96284463,6.878326468,3.654497615,0.358114907,6.870854358,2.777472403,7.288563339,6.685860947,4.17438727,2.302585093,1.609437912,135.912186,0.001,0.362322575,0,Shaoyang,46.01545,27,4
4278,2.423549729,2.302585093,4.406719247,7.641564441,3.315630779,0.0009995,5.787050836,2.777472403,7.288563339,6.293419279,4.110873864,1.609437912,1.609437912,0,0,0,0,Shaoyang,10.28585,9,1
4296,2.44339605,3.36729583,4.430816799,6.855408799,3.522365201,0.349360257,6.936945635,2.922593678,7.254672738,6.154858094,4.110873864,0.693147181,1.098612289,135.912186,0.001,0.120608396,0,Shaoyang,10.51207,28,4
4299,3.261992784,2.48490665,4.564348191,7.707512195,3.526532569,0.423344318,6.656627303,2.909902017,7.296752194,5.638354669,4.394449155,1.098612289,1.609437912,135.912187,0.001,0.700266558,0,Hengyang,25.1015,11,2
4300,1.504528406,2.197224577,4.454347296,5.924255797,3.429869059,0.230031773,6.656627303,2.945403251,7.272710809,5.017279837,4.615120517,1.098612289,1.098612289,135.912186,0.001,0.336565775,0,Hengyang,3.50203,8,1
4326,3.697725215,2.833213344,5.225746674,6.453624999,3.230611096,0.454794809,6.115611269,2.884614662,7.196549221,6.293419279,4.564348191,1.609437912,1.609437912,0,0,0.878765876,0,Huaihua,39.3554,16,2
4370,2.2633795,2.197224577,4.48863637,6.230481448,3.231420016,0.097226524,6.115611269,2.850064099,7.391538501,5.602118821,4.454347296,0.693147181,1.098612289,0,0,0.113192834,0,Zhuzhou,8.61553,8,1
4375,2.46002977,2.772588722,5.010635294,6.171700597,3.98397653,0.15102007,6.115611269,2.869601996,7.175374925,6.089044875,4.276666119,1.386294361,1.609437912,0,0,0.203117113,0,Huaihua,10.70516,15,2
4376,1.864331262,2.079441542,4.406719247,6.893656355,3.218879425,0.0009995,5.787050836,2.869601996,7.175374925,5.755742214,4.219507705,1.098612289,1.386294361,0,0,0,0,Huaihua,5.45162,7,1
4382,4.044783801,2.564949357,4.976733742,6.453624999,3.892564103,0.555326603,6.943354143,2.836866663,7.247092408,6.398594935,4.394449155,2.197224577,1.791759469,258.317278,0.410116318,0.378561739,0,Shaoyang,56.09884,12,2
4385,1.910550885,2.833213344,5.003946306,5.153291594,3.679325207,0.0009995,5.787050836,2.84835924,7.260124311,6.415096959,4.394449155,2.48490665,1.386294361,0,0,0,0,Shaoyang,5.75681,16,2
4386,3.177135075,2.944438979,5.087596335,6.489204931,3.513073226,0.0009995,5.787050836,2.84835924,7.260124311,6.34738921,4.394449155,1.609437912,1.098612289,0,0,0,0,Shaoyang,22.97796,18,2
4408,3.214394599,2.995732274,4.564348191,6.489204931,3.313317264,0.107256717,5.787050836,2.953346557,7.267781292,5.198497031,4.262679877,1.098612289,1.386294361,0,0,0,0,Hengyang,23.88822,19,2
4419,1.817116901,2.564949357,4.33073334,6.28785856,3.364747413,0.525793051,7.06335898,2.888363632,7.344137477,6.018593214,4.110873864,0.693147181,1.386294361,434.460871,1.242453325,0.481177911,1.043473458,Hengyang,5.15409,12,2
4482,3.974132454,2.833213344,5.036952602,7.666221926,3.380843983,0.342724082,6.656627303,2.900658116,7.338660701,6.329720906,4.110873864,1.386294361,1.386294361,0,0,0.08075093,0,Zhuzhou,52.20394,16,2
4495,4.433213923,3.091042453,5.030437921,7.158513997,3.506454292,0.51390089,6.115611269,2.84835924,7.260124311,6.154858094,4.394449155,2.302585093,1.386294361,0,0,1.314870546,0,Shaoyang,83.2016,21,3
4509,1.602171576,2.63905733,4.234106505,7.278628942,3.03265853,0.062580355,6.115611269,2.914763512,7.245417343,6.56667243,4.110873864,1.386294361,1.098612289,0,0,0.06460598,0,Hengyang,3.9638,13,2
4592,3.194546656,3.258096538,5.187385806,6.575075841,4.161540019,0.96191016,7.082479331,2.880539692,7.181655342,6.089044875,4.262679877,2.197224577,1.609437912,312.055779,1.011404265,1.3500916,1.449768934,Huaihua,23.39911,25,3
4596,3.645294793,3.33220451,5.117993812,7.242082359,3.990110634,0.903039318,7.042094178,2.849517355,7.225566404,6.154858094,4.454347296,1.386294361,1.609437912,446.770027,1.494175138,0.75389588,1.615787662,Huaihua,37.29406,27,4
4647,1.68422808,2.079441542,4.709530201,5.192956851,3.605668483,0.281472835,6.115611269,2.850674131,7.193034442,6.154858094,4.262679877,1.386294361,1.098612289,0,0,0.494305805,0,Huaihua,4.38829,7,1
4695,3.67295686,2.890371758,4.770684624,7.669961995,3.564873974,0.355756522,6.812804098,2.888920149,7.361523703,5.755742214,4.262679877,1.386294361,1.098612289,258.317278,0.666278442,0.245798146,0,Zhuzhou,38.36814,17,2
4703,0.457665324,1.609437912,3.091042453,6.522092798,3.297014691,0.0009995,5.787050836,2.850674131,7.193034442,6.154858094,4.615120517,1.386294361,1.098612289,0,0,0,0,Huaihua,0.58038,4,1
4709,3.395424082,2.890371758,4.882801923,7.478734826,3.48999458,0.076034686,6.478663332,2.851861903,7.248041647,6.17586727,4.442651256,1.098612289,1.386294361,0,0,0,0,Huaihua,28.8273,17,2
4711,2.893552804,2.302585093,4.521788577,7.532088144,3.574948147,0.758143409,7.030340915,2.822931847,7.274283199,6.608000625,4.394449155,2.302585093,1.791759469,404.630354,0.760755259,0.864699002,0.869871523,Shaoyang,17.05735,9,1
4713,3.203579023,3.044522438,4.919980926,6.28785856,3.289266439,0.068415371,6.115611269,2.834584756,7.278249264,6.23636959,4.110873864,1.791759469,1.609437912,0,0,0.072254083,0,Shaoyang,23.62049,20,2
4756,3.083289293,2.890371758,4.983606622,6.893656355,3.487116023,0.449545787,6.812804109,2.912531627,7.332369206,5.420534999,3.931825633,0.693147181,0.693147181,258.317278,0.500402424,0.199971576,0,Zhuzhou,20.83009,17,2
4763,3.803173299,3.36729583,4.990432587,7.313886832,3.713269826,0.044676955,6.478663332,2.855447845,7.229718024,5.860786223,4.394449155,1.386294361,1.098612289,135.912187,0.001,0,0,Huaihua,43.84326,28,4
4765,3.631528375,2.63905733,4.709530201,7.756623335,3.346797161,0.24746146,6.656627303,2.846845299,7.239765145,6.364750757,4.262679877,1.609437912,1.098612289,135.912186,0.001,0.354139284,0,Huaihua,36.7705,13,2
4815,3.698542863,2.772588722,4.844187086,7.426549072,3.735648052,0.569039813,6.683763118,2.824153011,7.196861387,6.552507887,4.262679877,1.386294361,1.098612289,176.143593,0.693147181,0.093470274,1.505189931,Huaihua,39.38841,15,2
4816,3.138808717,2.397895273,4.521788577,7.963460067,3.531592988,0.477977999,6.668243801,2.831643289,7.213154445,6.580639137,4.262679877,1.386294361,1.386294361,0,0,0,0,Huaihua,22.07636,10,1
4861,1.822571531,1.791759469,4.477336814,6.139884552,3.557688749,0.362780268,6.81765003,2.94300532,7.280502052,4.875197323,4.510859507,1.098612289,2.197224577,135.912186,0.001,0.234379823,0,Hengyang,5.18775,5,1
4863,2.562755414,2.079441542,4.158883083,7.70391021,2.958554672,0.39110922,6.932645823,2.935716841,7.2998424,5.351858133,4.510859507,0.693147181,1.098612289,510.015029,0.731515108,0.508934576,0.247410915,Chenzhou,11.97151,7,1
4871,2.460660063,2.890371758,4.700480366,6.720220155,3.445658825,0.362710692,6.81765003,2.913256233,7.312553498,5.916202063,4.262679877,1.386294361,1.386294361,135.912186,0.001,0.323833733,0,Zhuzhou,10.71254,17,2
4872,4.258098554,2.772588722,5.003946306,6.230481448,3.927317841,0.530787062,6.656627303,2.790039935,7.410145402,6.398594935,4.394449155,1.386294361,1.386294361,0,0,1.015649857,0,Zhuzhou,69.67547,15,2
4893,3.062265523,2.708050201,4.510859507,7.740664402,3.3837236,0.782887331,6.972388421,2.88110058,7.269105895,6.608000625,4.564348191,1.609437912,1.098612289,260.922538,1.095887154,1.222259403,2.189002465,Shaoyang,20.37593,14,2
4897,3.355185903,2.302585093,4.812184355,4.65396035,3.544865886,0.0009995,5.787050836,2.923280928,7.238808107,5.673323267,4.110873864,0.693147181,0.693147181,0,0,0,0,Yongzhou,27.65093,9,1
4926,2.140201448,2.302585093,4.317488114,6.575075841,3.394255677,0.287131921,6.516716075,2.900597078,7.332271085,5.525452939,4.262679877,1.386294361,1.098612289,135.912186,0.001,0.398966655,0,Zhuzhou,7.50115,9,1
4938,2.871612453,2.197224577,4.510859507,7.815610532,3.28920455,0.09616436,6.478663332,2.852118799,7.259971976,6.34738921,4.262679877,1.791759469,1.098612289,135.912187,0.001,0,0,Shaoyang,16.66548,8,1
4940,3.195991566,3.583518938,5.298317367,5.840641657,3.650346245,0.560718037,6.795379525,2.848681331,7.271263513,5.888877958,4.795790546,1.945910149,1.386294361,135.912186,0.001,0.903852003,0,Shaoyang,23.43439,35,4
4945,3.821048732,3.433987204,5.141663557,6.606650186,3.833102518,0.445089586,6.805498619,2.816140188,7.286408575,6.647688374,4.510859507,1.386294361,1.386294361,135.912186,0.001,0.107838563,0,Shaoyang,44.65206,30,4
4979,1.832827833,2.890371758,4.804021045,6.12249281,3.648815245,0.523212588,6.656627303,2.935716841,7.2998424,5.081404365,4.262679877,1.098612289,1.098612289,135.912186,0.001,1.045847193,0,Chenzhou,5.25154,17,2
4987,2.975579055,3.401197382,5.043425117,6.274762021,3.577980295,0.291870788,6.478663332,2.8575231,7.343728046,5.888877958,4.510859507,1.386294361,1.386294361,0,0,0,0,Zhuzhou,18.60097,29,4
4991,3.284129715,3.091042453,4.779123493,6.862757913,3.497792796,0.612815264,6.656627303,2.852375051,7.214381794,6.255750042,4.110873864,1.609437912,1.098612289,135.912187,0.001,0.589234218,0,Huaihua,25.68575,21,3
4998,3.844367525,2.772588722,4.672828834,8.171316875,3.35834903,0.43912552,6.81765003,2.801607937,7.299324316,6.17586727,4.262679877,1.791759469,1.386294361,135.912186,0.001,0.656038272,0,Shaoyang,45.72912,15,2
5005,4.265326512,3.433987204,5.247024072,7.209340257,3.897434712,0.0009995,5.787050836,2.616584555,7.40967131,6.643789733,4.110873864,1.386294361,1.609437912,0,0,0,0,Shaoyang,70.18816,30,4
5050,3.825702735,3.091042453,5.209486153,6.03787092,3.521438431,0.749272283,7.010620276,2.864547269,7.226936018,6.552507887,4.110873864,1.945910149,1.386294361,517.9637,1.193549604,1.752677379,1.984951196,Huaihua,44.86502,21,3
5063,3.9155155,3.555348061,5.384495063,6.56526497,3.743866331,0.124595335,6.478663332,2.616584555,7.40967131,7.215975003,4.262679877,1.609437912,1.609437912,0,0,0,0,Shaoyang,49.17493,34,4
5103,1.617741343,2.63905733,4.317488114,7.091742115,3.075748827,0.073018093,6.115611269,2.922115335,7.300866639,5.525452939,4.394449155,1.386294361,1.386294361,0,0,0.078444759,0,Zhuzhou,4.04169,13,2
5104,4.140848941,3.044522438,4.828313737,7.236339343,3.797195822,0.455955414,6.115611269,2.8575231,7.343728046,6.523562306,4.510859507,1.386294361,1.386294361,0,0,0.976508196,0,Zhuzhou,61.85616,20,2
5165,4.260715837,3.218875825,4.852030264,7.882314919,3.723941291,0.287034363,6.115611269,2.590100402,7.513336374,7.215975003,4.510859507,1.386294361,1.386294361,0,0,0.401300869,0,Zhuzhou,69.86069,24,3
5176,2.29475653,2.197224577,4.48863637,7.262628601,3.633073096,0.437428783,6.478663332,2.759024645,7.33526452,6.758094504,4.262679877,2.197224577,1.609437912,135.912187,0.001,0.361324553,0,Shaoyang,8.92202,8,1
5178,2.295361062,2.63905733,4.290459441,7.76937861,3.165748007,0.378319991,6.81765003,2.831676281,7.314075575,6.84694314,3.713572067,1.386294361,1.609437912,135.912186,0.001,0.465074429,0,Shaoyang,8.92802,13,2
5181,3.383755486,3.401197382,4.934473933,7.140453043,3.342263039,0.051614743,6.115611269,2.588557705,7.39196989,7.139660336,4.394449155,1.791759469,1.386294361,0,0,0.050850065,0,Shaoyang,28.48128,29,4
5182,1.410984535,2.564949357,4.189654742,6.139884552,3.703146445,0.5056784,6.115611269,2.742165597,7.385044845,6.908754779,4.454347296,1.098612289,1.386294361,0,0,1.277983615,0,Shaoyang,3.09999,12,2
5219,3.623694324,3.17805383,4.736198448,6.466144724,3.80863277,0.381076783,6.652649187,2.911535115,7.317046392,5.831882477,4.110873864,1.098612289,0.693147181,259.646422,0.636514168,0.503606869,2.10297455,Zhuzhou,36.47576,23,3
5236,3.396170769,2.708050201,4.532599493,8.145839613,3.439243046,0.277086133,6.886858443,2.793582429,7.3292906,6.66057515,4.454347296,1.609437912,1.386294361,284.133529,0.867563228,0.228397543,1.764832483,Shaoyang,28.84958,14,2
5240,3.225120685,3.044522438,4.753590191,7.252053952,3.676183956,0.168535295,6.707050852,2.742165597,7.385044845,7.20489251,4.110873864,1.098612289,1.386294361,148.221342,0.693147181,0.13928962,2.084677857,Shaoyang,24.15661,20,2
5277,3.830637663,3.091042453,4.94875989,7.152268856,3.675294343,0.271910858,6.933941449,2.881754738,7.340186835,6.523562306,4.394449155,1.386294361,2.772588722,395.558609,1.078992208,0.329374954,2.71450177,Chenzhou,45.09192,21,3
5281,3.663438562,2.63905733,4.96284463,7.46565531,3.168658162,0.176119027,6.115611269,2.861088834,7.327649157,6.608000625,4.510859507,0.693147181,0.693147181,0,0,0.250975534,0,Zhuzhou,37.9952,13,2
5288,2.853700282,2.48490665,4.86753445,7.073269717,3.81937468,0.497564077,6.899349197,2.887001641,7.248385466,5.916202063,4.510859507,1.609437912,1.098612289,324.364935,1.193549604,0.647124977,1.561821687,Huaihua,16.35187,11,2
5289,3.521952293,2.772588722,4.709530201,7.862497197,3.378214964,0.226091203,6.656627303,2.853848381,7.276925166,6.133398043,4.442651256,1.609437912,1.609437912,135.912186,0.001,0.319974541,0,Huaihua,32.85045,15,2
5296,3.387286404,3.295836866,4.882801923,7.247080585,3.648401671,0.238520714,6.478663332,2.831676281,7.314075575,6.11146734,3.931825633,2.772588722,2.397895273,0,0,0,0,Shaoyang,28.58556,26,4
5298,3.512354365,3.33220451,5.081404365,5.905361848,3.598686932,0.427996036,6.656627303,2.719392961,7.38155373,6.621405652,4.510859507,1.791759469,0.693147181,0,0,0.750299894,0,Shaoyang,32.52711,27,4
5338,3.965013479,2.564949357,4.934473933,7.357556201,3.404804867,0.058231172,6.478663332,2.737500907,7.439735586,6.523562306,4.025351691,0.693147181,0.693147181,0,0,0,0,Chenzhou,51.72098,12,2
5343,2.898376303,2.397895273,4.290459441,7.54009032,3.508156419,0.594480875,6.478663332,2.818099706,7.209414204,6.803505258,3.433987204,1.098612289,1.386294361,0,0,0,0,Huaihua,17.14466,10,1
5363,3.119803055,3.526360525,4.875197323,6.489204931,3.849515061,0.0009995,5.787050836,2.726762692,7.39187752,7.003065459,4.394449155,1.386294361,0.693147181,0,0,0,0,Shaoyang,21.64192,33,4
5377,3.454171479,3.36729583,5.003946306,6.393590754,3.393138328,0.058740495,6.478663332,2.949600897,7.254366457,5.993961427,3.713572067,1.386294361,1.609437912,135.912187,0.001,0,0,Yongzhou,30.63207,28,4
5393,3.489735592,3.433987204,4.976733742,6.862757913,3.674822618,0.0009995,5.787050836,2.921038361,7.305333823,5.673323267,4.394449155,1.098612289,1.098612289,0,0,0,0,Chenzhou,31.77728,30,4
5394,3.30149343,2.944438979,4.820281566,6.908754779,3.466825934,0.147255534,6.656627303,2.810606789,7.393755238,6.463029457,4.262679877,1.386294361,1.791759469,0,0,0.051809326,0,Chenzhou,26.15316,18,2
5396,3.930162093,2.772588722,4.844187086,6.302618976,4.084427887,0.858492113,6.96117675,2.970186747,7.280410136,6.364750757,3.931825633,0.693147181,0.693147181,387.609937,0.916464886,1.064342791,0.647723149,Hengyang,49.91523,15,2
5398,3.19389191,3.091042453,5.147494477,6.755768922,3.822199387,0.721729778,6.478663332,2.883589365,7.324522972,6.447305863,4.394449155,0.693147181,1.098612289,0,0,0,0,Zhuzhou,23.38314,21,3
5416,2.250169063,1.791759469,4.290459441,7.43543802,3.295721674,0.294667617,6.845821203,2.895819669,7.303775942,6.781057626,4.454347296,1.386294361,1.609437912,288.84479,0.79631164,0.306710787,1.139297816,Shaoyang,8.48934,5,1
5427,3.570013708,2.890371758,4.875197323,7.073269717,3.256766808,0.0009995,5.787050836,2.959961044,7.24199882,5.860786223,4.394449155,1.791759469,2.197224577,0,0,0,0,Yongzhou,34.51708,17,2
5429,3.337806291,2.63905733,4.795790546,7.372118028,3.451627153,0.099066751,6.478663332,2.944351081,7.262020632,5.303304908,4.394449155,1.386294361,1.791759469,0,0,0,0,Yongzhou,27.15729,13,2
5430,3.406247276,2.63905733,4.709530201,7.527793988,3.433719104,0.081017617,6.478663332,2.949600897,7.254366457,5.771441123,4.189654742,0.693147181,1.609437912,135.912187,0.001,0,0,Yongzhou,29.15188,13,2
5446,2.825805977,1.791759469,4.919980926,5.105945474,3.469337223,0.256586064,6.478663332,2.810606789,7.393755238,6.447305863,4.510859507,1.098612289,1.386294361,135.912187,0.001,0,0,Chenzhou,15.87454,5,1
5455,3.037929322,2.833213344,5.056245805,5.82008293,4.093328713,0.14330349,6.115611269,2.870609996,7.286864967,6.042632834,4.454347296,1.386294361,1.609437912,0,0,0.18914763,0,Huaihua,19.862,16,2
5457,3.136967912,2.772588722,4.787491743,6.747586527,3.512860097,0.490602508,6.115611269,2.879573106,7.29553149,5.96870756,4.33073334,1.609437912,1.791759469,0,0,1.212034001,0,Huaihua,22.03392,15,2
5463,3.462098357,3.295836866,4.934473933,7.014814351,3.838326087,0.655782743,6.860733281,2.756169664,7.389831583,6.552507887,4.510859507,1.945910149,1.609437912,148.221342,0.562335145,0.500229527,1.563508393,Shaoyang,30.88381,26,4
5473,2.011217571,2.833213344,4.634728988,6.442540166,3.366782595,0.084635223,6.478663332,2.808431742,7.335764319,6.33150185,4.110873864,0.693147181,1.098612289,135.912186,0.001,0.09798396,0,Yongzhou,6.47241,16,2
5475,3.377234211,2.708050201,5.036952602,6.646390515,3.314453605,0.135326031,6.478663332,2.894099247,7.284043313,5.525452939,4.615120517,1.098612289,1.791759469,0,0,0,0,Yongzhou,28.28965,14,2
5476,3.192495709,2.833213344,4.624972813,7.66293785,3.43348482,0.346047674,5.787050836,2.873187732,7.302013376,5.993961427,3.044522438,1.386294361,1.791759469,0,0,0,0,Hengyang,23.34912,16,2
5477,2.400626086,1.609437912,3.433987204,5.963579344,3.23030348,0.237101682,6.478663332,2.873187732,7.302013376,5.942799375,4.454347296,0.693147181,0.693147181,135.912186,0.001,0.3833739,0,Hengyang,10.03008,4,1
5487,3.403973192,1.791759469,4.110873864,6.773080376,3.640076215,0.761020759,7.170458655,2.953375769,7.265942459,5.252273428,4.262679877,1.098612289,1.098612289,669.343115,1.297127728,0.559384025,1.66259141,Hengyang,29.08339,5,1
5492,3.828745087,2.890371758,4.663439094,8.169336396,3.412885146,0.120587987,6.115611269,2.885545128,7.312175408,5.739792912,4.510859507,1.609437912,1.098612289,0,0,0.15012608,0,Chenzhou,45.00477,17,2
5494,3.411709601,2.708050201,4.510859507,8.103796713,3.431115019,0.185524754,6.656627303,2.812676848,7.363829024,6.634633358,4.262679877,1.098612289,1.386294361,0,0,0.195111973,0,Chenzhou,29.31703,14,2
5496,2.224613822,2.772588722,4.672828834,6.393590754,3.627464583,0.35923267,6.115611269,2.656366655,7.477547692,6.154858094,4.110873864,1.098612289,1.098612289,0,0,0.721455935,0,Zhuzhou,8.24991,15,2
5540,3.620539584,2.772588722,4.605170186,7.926602599,3.700166268,0.117925248,6.656627303,2.885545128,7.312175408,6.11146734,3.931825633,1.098612289,1.098612289,135.912187,0.001,0.075567212,0,Chenzhou,36.35772,15,2
5542,2.537700692,1.609437912,3.713572067,5.883322388,3.394935148,0.077405387,6.115611269,2.812676848,7.363829024,6.685860947,4.025351691,0.693147181,1.098612289,0,0,0.08447609,0,Chenzhou,11.65055,4,1
5548,3.97267718,2.564949357,4.94875989,7.313886832,3.462968013,0.0009995,5.787050836,2.74191493,7.451173913,7.003974137,3.713572067,1.098612289,1.386294361,0,0,0,0,Xiangxi,52.12657,12,2
5553,3.989214576,2.890371758,5.075173815,7.252053952,3.460797479,0.112658818,6.115611269,2.879573106,7.29553149,6.23636959,4.454347296,1.945910149,1.609437912,0,0,0.137216894,0,Huaihua,53.01245,17,2
5556,4.338209795,3.295836866,5.288267031,7.198183577,3.430791135,0.182254888,6.478663332,2.783844512,7.369831759,7.03966035,4.33073334,1.791759469,0.693147181,0,0,0,0,Shaoyang,75.57034,26,4
5581,2.963828208,3.401197382,4.779123493,7.067319849,3.518226948,0.55783134,6.802759041,2.953375769,7.265942459,4.709530201,3.931825633,1.386294361,1.386294361,258.317278,0.649248355,0.68578994,0,Hengyang,18.37199,29,4
5590,3.421335574,2.995732274,4.691347882,7.140453043,3.532473567,0.190521181,6.656627303,2.649636176,7.470043692,6.381816017,4.025351691,1.386294361,1.386294361,135.912186,0.001,0.331305096,0,Chenzhou,29.61027,19,2
5595,1.449851151,1.609437912,3.931825633,5.236441963,3.189602306,0.0009995,5.787050836,2.808096421,7.303977806,6.398594935,3.713572067,0.693147181,1.098612289,0,0,0,0,Xiangxi,3.26248,4,1
5602,4.112277305,3.295836866,4.844187086,7.507690078,3.770352753,0.491477653,6.656627303,2.740911634,7.395342961,7.021976423,4.110873864,1.791759469,1.386294361,135.912186,0.001,1.14085247,0,Shaoyang,60.08567,26,4
5612,2.455325064,2.708050201,4.795790546,6.701960366,3.758134491,0.0009995,5.787050836,2.728687774,7.435526523,6.792344427,4.394449155,1.386294361,1.098612289,0,0,0,0,Yongzhou,10.65022,14,2
5615,2.270198256,3.091042453,4.553876892,7.328437353,3.688238249,0.598160448,6.478663332,2.787819025,7.366276613,6.878326468,3.931825633,1.791759469,1.386294361,0,0,0,0,Yongzhou,8.68132,21,3
5616,3.049147914,3.218875825,4.852030264,6.442540166,3.502918483,0.117089462,6.668243801,2.861216396,7.298974954,6.089044875,4.110873864,1.609437912,1.945910149,271.824372,0.693147181,0.117037329,1.302162713,Yongzhou,20.09736,24,3
5641,3.657851786,2.397895273,4.709530201,8.052933037,3.499614246,0.214845215,6.932645823,2.851156111,7.28860888,6.329720906,4.454347296,1.098612289,1.386294361,374.102844,0.950270539,0.028581157,0,Huaihua,37.77795,10,1
5644,2.901595205,2.63905733,4.564348191,7.390181428,3.640426071,0.727664543,6.882337281,2.884552637,7.319831784,6.431331082,4.454347296,0.693147181,1.098612289,406.53862,1.386294361,0.61411707,1.797438789,Huaihua,17.20316,13,2
5658,2.543559918,3.17805383,4.875197323,6.154858094,3.143644822,0.0009995,5.787050836,2.750258115,7.381678299,6.814542897,3.891820298,1.791759469,2.197224577,0,0,0,0,Yongzhou,11.72489,23,3
5662,2.536521393,2.48490665,4.762173935,6.499787041,3.473229009,0.076488707,6.478663332,2.807660818,7.350965698,6.722629795,3.931825633,0.693147181,1.098612289,0,0,0,0,Chenzhou,11.63564,11,2
5670,2.525236523,2.890371758,4.510859507,6.720220155,3.384736983,0.233545265,6.115611269,2.973174244,7.256826387,5.081404365,4.394449155,0.693147181,1.098612289,0,0,0.374875194,0,Chenzhou,11.49385,17,2
5695,1.807578683,1.791759469,4.189654742,6.442540166,3.553314567,0.0009995,5.787050836,2.94027823,7.259725865,5.707110265,4.394449155,1.098612289,1.098612289,0,0,0,0,Yongzhou,5.09567,5,1
5701,3.264278544,2.63905733,4.672828834,7.824445931,3.472183199,0.125671837,6.478663332,2.750258115,7.381678299,6.447305863,4.262679877,2.397895273,1.609437912,0,0,0,0,Yongzhou,25.16123,13,2
5702,3.04634221,2.833213344,4.644390899,7.543802868,3.566836954,0.329102288,6.478663332,2.787819025,7.366276613,6.608000625,3.713572067,1.791759469,1.791759469,135.912186,0.001,0.045032776,0,Yongzhou,20.03825,16,2
5724,2.112931926,2.772588722,4.718498871,5.863631176,3.607884668,0.429155593,6.668243801,2.80987126,7.365000793,6.836259277,3.931825633,1.098612289,1.386294361,135.912186,0.001,0.601465788,0,Chenzhou,7.27246,15,2
5727,2.820336081,2.772588722,4.795790546,6.923628628,3.259339995,0.0009995,5.787050836,2.867393661,7.333524013,6.23636959,4.454347296,1.098612289,1.609437912,0,0,0,0,Xiangxi,15.78249,15,2
5734,0.942765171,2.48490665,4.663439094,5.105945474,3.35077143,0.0009995,5.787050836,2.861565822,7.326465614,5.916202063,4.510859507,1.098612289,1.098612289,0,0,0,0,Yongzhou,1.56707,11,2
5737,2.026714325,1.945910149,5.342334252,5.272999559,4.118140187,0.219079303,6.478663332,2.877605616,7.318373752,6.100318952,4.110873864,2.397895273,1.098612289,135.912186,0.001,0.281395657,0,Yongzhou,6.58911,6,1
5743,3.349128699,2.63905733,4.634728988,7.885329239,3.46856658,0.174322987,6.656627303,2.888827232,7.303102722,5.993961427,4.394449155,0.693147181,1.386294361,0,0,0.029848493,0,Yongzhou,27.47791,13,2
5754,1.979083769,1.791759469,3.970291914,5.749392986,3.293406879,0.0009995,5.787050836,2.974253242,7.246261146,4.983606622,4.262679877,1.098612289,1.386294361,0,0,0,0,Chenzhou,6.23611,5,1
5774,3.813087803,3.465735903,4.812184355,7.041411664,4.058403,0.786787786,6.944368904,2.897751681,7.315362544,5.916202063,4.510859507,2.397895273,1.386294361,287.291601,0.633039512,1.066537436,0.799502123,Yongzhou,44.29007,31,4
5778,3.43115481,2.890371758,4.859812404,7.563200592,3.521984493,0.49730868,6.785465378,2.769179793,7.380276568,6.66057515,4.262679877,1.098612289,1.098612289,271.824373,0.649248355,0.807105062,1.755875444,Yongzhou,29.91232,17,2
5800,3.437480772,3.36729583,4.94875989,6.543911846,3.671333928,0.438261383,6.699827651,2.714584142,7.422373701,7.099201744,4.510859507,1.098612289,1.386294361,271.824372,0.410116318,0.796540223,0.647723149,Chenzhou,30.10849,28,4
5809,2.463299044,3.044522438,4.844187086,6.56526497,3.795027959,0.50311195,6.668243801,2.868277808,7.323984433,6.478509642,4.510859507,1.098612289,0.693147181,0,0,0,0,Yongzhou,10.74349,20,2
5833,4.079903118,2.833213344,5.153291594,7.021083964,3.546793288,0.296222995,6.478663332,2.86584509,7.312775788,6.56667243,4.262679877,1.098612289,1.098612289,135.912187,0.001,0,0,Chenzhou,58.13974,16,2
5848,3.658049817,3.135494216,4.753590191,7.608870629,3.630211932,0.065356936,5.787050836,2.891112039,7.308419984,5.442417711,4.510859507,2.397895273,1.386294361,0,0,0,0,Yongzhou,37.78563,22,3
5850,3.192277197,2.944438979,4.65396035,7.175489714,3.203082972,0.0009995,5.787050836,2.900322089,7.29433202,6.133398043,4.394449155,2.397895273,1.386294361,0,0,0,0,Yongzhou,23.3438,18,2
5874,2.791905325,2.944438979,5.017279837,7.134890852,3.726773567,0.188585232,6.115611269,2.788776367,7.376142997,6.966967139,4.454347296,1.098612289,1.386294361,0,0,0.276141286,0,Chenzhou,15.31207,18,2
5906,3.756336447,3.258096538,4.875197323,7.737180078,3.65252118,0.813637659,6.931494969,2.788776367,7.376142997,6.685860947,4.394449155,1.098612289,1.386294361,312.05578,0.347066826,1.528295091,0.538208715,Chenzhou,41.79137,25,3
5908,1.552084185,2.833213344,4.189654742,7.060476366,3.17496448,0.166209112,6.115611269,2.807493042,7.347675436,6.918695219,4.454347296,1.098612289,1.386294361,0,0,0.231616763,0,Chenzhou,3.7213,16,2
5912,3.445533514,2.944438979,4.905274778,6.616065185,3.80406757,0.506263232,6.656627303,2.891821262,7.314597206,6.311734809,4.33073334,3.258096538,2.397895273,0,0,0.751671638,0,Yongzhou,30.36001,18,2
5913,1.761652433,1.791759469,4.553876892,6.522092798,3.645278341,0.0009995,5.787050836,2.860453069,7.331900378,6.508769137,4.394449155,1.609437912,1.098612289,0,0,0,0,Yongzhou,4.82205,5,1
5933,3.378639522,2.564949357,4.65396035,7.532088144,3.240816557,0.033811881,5.929553611,2.867267453,7.292235129,6.710523109,3.828641396,0.693147181,0.693147181,0,0,0.019055545,0,Chenzhou,28.33084,12,2
5936,4.097247677,3.33220451,4.836281907,8.101677747,3.598344331,0.347207267,6.812804098,2.845974514,7.316204862,6.293419279,4.110873864,0.693147181,0.693147181,258.317278,0.429323022,0.073925132,0,Chenzhou,59.17444,27,4
5940,3.038464123,1.609437912,3.433987204,5.749392986,3.280139113,0.0009995,5.787050836,2.781816639,7.344051312,6.311734809,4.564348191,1.791759469,0.693147181,0,0,0,0,Xiangxi,19.87316,4,1
5942,3.108227576,2.944438979,4.49980967,7.818430272,3.581540316,0.774920697,6.744363039,2.849035163,7.347643282,6.621405652,4.394449155,1.791759469,0.693147181,176.143593,0.576334128,0.92921285,1.167460334,Yongzhou,21.38134,18,2
5944,2.779174488,2.397895273,4.584967479,7.478734826,3.364500202,0.203251,5.929553611,2.891821262,7.314597206,5.802118375,4.454347296,2.397895273,1.098612289,0,0,0.173308111,0,Yongzhou,15.10572,10,1
5967,3.847065837,2.564949357,4.94875989,7.140453043,3.652847272,0.200480677,5.787050836,2.750186532,7.397142728,6.398594935,3.931825633,0.693147181,0.693147181,0,0,0,0,Chenzhou,45.85538,12,2
5989,1.86217444,2.302585093,4.406719247,7.014814351,3.348323189,0.0009995,5.787050836,2.961486007,7.261622941,5.525452939,4.454347296,1.098612289,1.098612289,0,0,0,0,Chenzhou,5.43772,9,1
5998,3.279502706,2.48490665,4.521788577,7.942362238,3.410579895,0.338662693,6.656627303,2.750186532,7.397142728,6.621405652,4.025351691,1.098612289,1.098612289,0,0,0.033901697,0,Chenzhou,25.56256,11,2
6000,3.448928573,3.044522438,4.663439094,6.646390515,3.411759077,0.116395407,6.478663332,2.845974514,7.316204862,6.966967139,4.394449155,1.791759469,0.693147181,135.912186,0.001,0.054676034,0,Chenzhou,30.46666,20,2
6004,2.454890643,2.564949357,4.477336814,6.154858094,3.503023258,0.0009995,5.787050836,2.879385518,7.342379951,6.599870499,4.110873864,1.791759469,0.693147181,0,0,0,0,Yongzhou,10.64516,12,2
6029,3.640702352,2.48490665,4.762173935,7.638198244,3.433982366,0.149419505,6.656627303,2.920559812,7.276233619,6.089044875,4.110873864,0.693147181,0.693147181,0,0,0.031205156,0,Chenzhou,37.1186,11,2
6056,2.433296639,2.708050201,4.691347882,7.146772179,3.261319416,0.0009995,5.787050836,2.955922267,7.262266263,5.802118375,4.262679877,0.693147181,1.386294361,0,0,0,0,Chenzhou,10.39639,14,2
6062,2.585077724,2.48490665,4.442651256,7.323830566,3.456206896,0.41289742,6.478663332,2.920559812,7.276233619,6.11146734,3.713572067,0.693147181,0.693147181,0,0,0,0,Chenzhou,12.26432,11,2
6064,3.643542334,2.890371758,4.836281907,7.912789221,3.548953948,0.298725865,6.789097332,2.918851229,7.26020635,6.089044875,4.394449155,0.693147181,0.693147181,312.05578,1.054920168,0.26073427,1.987829107,Chenzhou,37.22701,17,2
6090,3.768597571,3.218875825,4.59511985,7.945201132,3.376788904,0.349353205,6.870854358,2.752102812,7.411767734,6.966967139,4.110873864,0.693147181,1.386294361,135.912186,0.001,0.447117478,0,Chenzhou,42.31927,24,3
6095,3.373299496,2.890371758,4.875197323,7.5750717,3.328736719,0.035096837,6.478663332,2.87729271,7.290508855,6.538139824,4.189654742,0.693147181,1.098612289,135.912187,0.001,0,0,Chenzhou,28.17463,17,2
6121,2.308798748,2.48490665,4.521788577,6.84694314,3.376689844,0.054488185,6.115611269,2.777127158,7.357545538,6.792344427,4.110873864,1.386294361,1.609437912,0,0,0.054373639,0,Chenzhou,9.06233,11,2
6129,1.916921142,2.944438979,4.795790546,5.676753802,3.602116864,0.164530904,6.115611269,2.87729271,7.290508855,6.698268054,4.110873864,0.693147181,1.098612289,0,0,0.22841268,0,Chenzhou,5.79999,18,2
6135,3.1918577,2.772588722,4.465908119,7.630946581,3.204774466,0.100261538,6.478663332,2.941100254,7.328163757,6.517671273,4.615120517,1.791759469,1.098612289,0,0,0,0,Yongzhou,23.33359,15,2
6162,2.530516365,3.135494216,4.912654886,5.82008293,3.530723639,0.447668548,6.894619765,2.87729271,7.290508855,6.364750757,4.454347296,0.693147181,0.693147181,382.972381,1.098612289,0.579143294,1.631929728,Chenzhou,11.55999,22,3
6198,3.194978136,3.091042453,4.615120517,6.901737207,3.720691299,0.537662278,6.115611269,2.851027259,7.304986549,6.59441346,4.454347296,1.098612289,1.386294361,0,0,1.298115808,0,Chenzhou,23.40964,21,3
6221,2.213766994,2.708050201,4.718498871,5.945420609,3.580171119,0.670016722,6.81765003,2.715099298,7.410760412,6.878326468,4.454347296,1.386294361,1.386294361,135.912187,0.001,1.406166774,0,Chenzhou,8.15012,14,2
6223,3.613318273,3.33220451,4.9698133,6.945051064,3.649728199,0.377264516,6.656627303,2.758707827,7.382445783,6.580639137,4.510859507,1.098612289,1.609437912,135.912186,0.001,0.678707839,0,Chenzhou,36.08892,27,4
6229,2.743857403,2.890371758,4.94875989,6.429719478,3.635235504,0.266746954,6.656627303,2.865212342,7.298061638,6.415096959,4.510859507,0.693147181,0.693147181,0,0,0.293286938,0,Chenzhou,14.54684,17,2
6230,3.324792106,2.890371758,4.770684624,7.395107547,3.647748558,0.291654173,6.656627303,2.851027259,7.304986549,6.957497371,4.454347296,0.693147181,1.098612289,0,0,0.054373639,0,Chenzhou,26.79322,17,2
6258,3.165479689,3.17805383,4.94875989,6.171700597,3.737251674,0.363371472,6.809058655,2.818133149,7.345224953,6.538139824,4.465908119,0.693147181,1.098612289,291.929158,0.950270539,0.271796602,1.505189931,Chenzhou,22.70011,23,3
6261,2.403497731,3.465735903,4.718498871,6.72982407,3.435500253,0.217214006,6.115611269,2.851027259,7.304986549,6.710523109,4.615120517,0.693147181,0.693147181,0,0,0.337562636,0,Chenzhou,10.0618,31,4
6263,2.43687907,2.079441542,4.17438727,8.367996885,2.99865101,0.0009995,5.787050836,2.869601996,7.345558527,6.274762021,3.688879454,0.693147181,0.693147181,0,0,0,0,Chenzhou,10.43729,7,1
6266,3.560583191,2.63905733,4.859812404,7.652070746,3.453710448,0.040594769,5.787050836,2.888920149,7.369317158,6.376726948,4.262679877,1.945910149,1.098612289,0,0,0,0,Yongzhou,34.18371,13,2
6303,1.689455389,2.302585093,4.33073334,7.474204806,3.171892388,0.0009995,5.787050836,2.929176786,7.305837655,6.398594935,4.33073334,1.098612289,1.098612289,0,0,0,0,Yongzhou,4.41653,9,1
6305,3.090867438,2.833213344,4.584967479,7.535830463,3.385627802,0.469653568,6.831029903,2.83085763,7.342164146,6.56667243,4.110873864,2.397895273,2.397895273,176.143593,0.562335145,0.23105294,1.128892448,Yongzhou,20.99615,16,2
6321,1.22242452,1.791759469,4.276666119,7.170119543,3.015521665,0.241823981,6.656627303,2.918040966,7.276936725,6.089044875,3.496507561,1.098612289,1.098612289,0,0,0.116801939,0,Chenzhou,2.39541,5,1
6334,1.635651319,2.197224577,4.304065093,6.738152495,3.610596239,0.575376645,6.699827651,2.83085763,7.342164146,6.552507887,4.454347296,1.098612289,1.098612289,145.647389,0.673011667,0.817556761,1.578681075,Yongzhou,4.1328,8,1
6337,1.816003201,2.48490665,4.356708827,5.416100402,3.832699889,0.139753247,6.115611269,2.977681331,7.283024581,6.242223265,3.931825633,0.693147181,1.098612289,0,0,0.182858535,0,Yongzhou,5.14724,11,2
6348,4.416935541,3.091042453,4.65396035,7.532088144,4.02947034,0.583851153,6.81765003,2.918040966,7.276936725,6.11146734,3.713572067,1.098612289,1.098612289,135.912187,0.001,0.483965287,0,Chenzhou,81.84203,21,3
6358,2.721523691,1.791759469,4.779123493,6.553933404,3.642288245,0.254804996,6.115611269,2.882874277,7.353615647,6.561030666,4.110873864,1.791759469,0.693147181,0,0,0.42600328,0,Yongzhou,14.20347,5,1
6379,2.872412564,2.564949357,4.804021045,7.085901464,3.442537962,0.0009995,5.787050836,2.881474517,7.356928912,6.274762021,4.33073334,1.791759469,1.098612289,0,0,0,0,Yongzhou,16.67962,12,2
6388,2.065629087,2.564949357,4.394449155,6.720220155,3.543651639,0.326948458,6.478663332,2.890587846,7.299853696,6.34738921,4.043051268,1.098612289,0.693147181,135.912186,0.001,0.314402571,0,Chenzhou,6.89026,12,2
6392,3.636512426,2.833213344,4.709530201,7.422373701,3.524745397,0.058646195,6.668243801,2.960968454,7.264123486,5.942799375,4.394449155,1.386294361,1.386294361,0,0,0,0,Chenzhou,36.95922,16,2
6394,3.436182857,2.944438979,4.997212274,6.575075841,3.175572003,0.349663421,6.478663332,2.898333865,7.397204015,6.148468296,4.110873864,2.397895273,1.098612289,0,0,0,0,Yongzhou,30.06814,18,2
6401,3.566139057,2.772588722,4.644390899,8.094683649,3.585112945,0.071743751,6.668243801,2.881474517,7.356928912,6.642486801,4.110873864,1.791759469,1.098612289,135.912187,0.001,0,0,Yongzhou,34.37973,15,2
6406,2.659157532,2.833213344,4.682131227,7.047517221,3.491889034,0.103864397,6.478663332,2.851861903,7.367403425,6.406879986,4.454347296,2.772588722,1.791759469,135.912186,0.001,0.127681239,0,Yongzhou,13.28425,16,2
6409,2.637540465,2.197224577,4.382026635,7.593877845,3.579801761,0.111425089,6.668243801,2.890587846,7.299853696,6.43775165,4.110873864,2.397895273,2.197224577,135.912186,0.001,0.039812182,0,Chenzhou,12.97878,8,1
6428,1.423852635,2.833213344,4.844187086,5.347107531,3.057502592,0.0009995,5.787050836,2.86963376,7.328076125,7.003974137,4.189654742,0.693147181,1.098612289,0,0,0,0,Yongzhou,3.15309,16,2
6453,3.175204776,3.044522438,4.983606622,6.56526497,3.906471826,0.382114594,6.478663332,2.86963376,7.328076125,6.634633358,4.110873864,1.609437912,1.609437912,0,0,0,0,Yongzhou,22.93172,20,2
6496,3.091235617,2.564949357,4.574710979,7.910223707,3.380767778,0.453562969,6.805498619,2.823757009,7.395107547,6.49375384,4.189654742,0.693147181,1.609437912,251.697751,0.636514168,0.069537605,0,Yongzhou,21.00425,12,2
6499,2.87391712,2.944438979,4.691347882,7.128495946,3.086663334,0.052402679,6.115611269,2.833703812,7.36375506,6.447305863,4.189654742,0.693147181,1.098612289,0,0,0.051809326,0,Yongzhou,16.70624,18,2
6515,1.743827187,2.48490665,4.394449155,7.0800265,2.980236837,0.0009995,5.787050836,2.717046942,7.423429163,6.84694314,4.262679877,0.693147181,1.098612289,0,0,0,0,Yongzhou,4.71919,11,2
6527,3.022015328,2.708050201,4.779123493,7.175489714,3.550371126,0.532367913,6.699827663,2.863882324,7.350730182,6.255750042,4.110873864,2.397895273,1.791759469,271.824373,0.500402424,0.065333917,0,Yongzhou,19.53263,14,2
6529,2.73486349,2.564949357,4.48863637,7.343426229,3.292132235,0.210090733,6.478663332,2.819260573,7.386512143,6.825460036,4.189654742,0.693147181,1.386294361,0,0,0,0,Yongzhou,14.40764,12,2
6530,1.979292423,2.302585093,4.574710979,6.635946556,2.756517138,0.08698471,6.478663332,2.819260573,7.386512143,6.746412129,4.110873864,1.098612289,1.098612289,135.912187,0.001,0,0,Yongzhou,6.23762,9,1
6539,3.925522871,3.091042453,5.068904202,6.938284484,3.558195432,0.222359244,6.805498619,2.896188143,7.354447611,6.311734809,4.615120517,1.791759469,1.098612289,387.609937,1.098612289,0.081905506,1.389469549,Yongzhou,49.67957,21,3
6542,1.5235292,2.197224577,4.17438727,7.543802868,3.011909218,0.0009995,5.787050836,2.853240283,7.371615042,6.575075841,4.189654742,2.564949357,1.098612289,0,0,0,0,Yongzhou,3.58839,8,1
6543,2.8490369,2.890371758,4.48863637,7.848153086,3.358648898,0.652471009,7.031942935,2.819260573,7.386512143,6.918695219,4.110873864,1.098612289,1.945910149,251.697751,0.562335145,0.688193203,0,Yongzhou,16.27114,17,2
6546,2.650143507,2.772588722,4.49980967,6.489204931,3.50745979,0.426639343,6.115611269,2.737572757,7.404076194,6.685860947,4.454347296,1.609437912,1.609437912,0,0,0.955109315,0,Chenzhou,13.15607,15,2
6552,1.665753972,2.63905733,4.304065093,6.575075841,3.239007026,0.269782833,6.656627303,2.909296549,7.361470736,6.552507887,4.110873864,1.098612289,2.079441542,135.912186,0.001,0.377969838,0,Yongzhou,4.28966,13,2
6555,3.293354528,2.708050201,4.605170186,8.078688229,3.753038528,0.447029227,6.857932209,2.853240283,7.371615042,6.042632834,4.615120517,2.397895273,1.386294361,312.055779,0.974314753,0.323342032,1.430759124,Yongzhou,25.93306,14,2
6558,3.163157174,2.708050201,5.003946306,6.862757913,3.712992387,0.588280987,6.805498619,2.935657907,7.318285339,5.916202063,4.043051268,1.098612289,1.386294361,135.912186,0.001,0.146406661,0,Yongzhou,22.64513,14,2
6568,3.61999738,3.044522438,4.997212274,7.18690102,3.792750611,0.704848453,6.699827663,2.922414528,7.347997505,6.447305863,4.189654742,1.098612289,0.693147181,271.824372,0.233791659,0.816312992,0.305194386,Yongzhou,36.33747,20,2
6569,2.902887552,2.564949357,4.454347296,7.784889296,3.286787899,0.556370528,6.96117675,2.779784644,7.408166804,6.59441346,4.189654742,3.044522438,1.791759469,387.609937,1.039720771,0.301117066,1.157477967,Yongzhou,17.2267,12,2
6577,1.109885177,2.302585093,4.574710979,6.665683718,3.027593278,0.0009995,5.787050836,2.831381668,7.394042311,6.552507887,3.931825633,1.098612289,1.791759469,0,0,0,0,Yongzhou,2.03401,9,1
6580,4.023396209,2.833213344,4.844187086,7.36264527,3.377455425,0.531592492,6.656627303,2.779784644,7.408166804,6.792344427,3.583518938,1.098612289,1.791759469,0,0,1.260984197,0,Yongzhou,54.8906,16,2
6581,3.916046102,3.091042453,4.8978398,6.635946556,3.676738298,0.521154101,6.936945635,2.929117465,7.324621777,6.34738921,4.262679877,1.098612289,1.386294361,251.697751,0.693147181,0.500330079,0,Yongzhou,49.20156,21,3
6586,3.230560097,2.944438979,4.9698133,6.981005741,3.642472623,0.173474201,6.656627303,2.831381668,7.394042311,6.66057515,3.931825633,0.693147181,0.693147181,135.912186,0.001,0.195973495,0,Yongzhou,24.29382,18,2
6590,1.732013003,2.302585093,4.317488114,7.198183577,3.200847894,0.227263054,6.478663332,2.779784644,7.408166804,6.943122423,3.931825633,2.397895273,1.098612289,0,0,0,0,Yongzhou,4.65202,9,1
6596,4.047726462,2.995732274,5.117993812,7.214504414,3.931907002,0.767609733,6.656627303,2.76757618,7.43551666,6.710523109,4.189654742,1.791759469,1.098612289,0,0,1.213494652,0,Yongzhou,56.26711,19,2
6598,2.983646534,2.708050201,4.8978398,7.399398083,3.253015575,0.046749989,6.478663332,2.868498154,7.376466417,6.73459166,4.110873864,1.098612289,0.693147181,0,0,0,0,Yongzhou,18.75974,14,2
6599,3.288115279,2.944438979,4.955827058,6.476972363,3.775452944,0.729102954,6.805498619,2.876103786,7.365053567,6.722629795,4.262679877,1.098612289,0.693147181,251.697751,0.693147181,0.137269039,0,Yongzhou,25.79232,18,2
6600,3.971182083,2.944438979,4.983606622,6.959398512,3.694116218,0.226633455,6.516716075,2.880259131,7.35435171,6.154858094,4.262679877,1.098612289,1.945910149,135.912186,0.001,0.199203589,0,Yongzhou,52.0472,18,2
6603,3.482398802,2.995732274,4.770684624,7.966239777,3.573461307,0.110556991,6.668243801,2.76757618,7.43551666,6.746412129,4.110873864,1.098612289,1.791759469,135.912186,0.001,0.026520726,0,Yongzhou,31.53768,19,2
